Año;Provincia;Nº de zonas de abastecimiento;Nº infraestructuras - Captaciones;Nº infraestructuras - Estaciones de tratamiento;Nº infraestructuras - Depósitos;Nº infraestructuras - Redes de distribución;Análisis efectuados en las infraestructuras - Análisis de control;Análisis efectuados en las infraestructuras - Análisis completo;Análisis efectuados en las infraestructuras - Control en grifo;Análisis efectuados en las infraestructuras - Vigilancia sanitaria;Análisis efectuados en las infraestructuras - Otros análisis;Nº boletines analíticos de calidad de aguas de consumo humano por su calificación - Apta para el consumo;Nº boletines analíticos de calidad de aguas de consumo humano por su calificación - Apta para el consumo con no conformidad;Nº boletines analíticos de calidad de aguas de consumo humano por su calificación - No apta para el consumo;Nº boletines analíticos de calidad de aguas de consumo humano por su calificación - No apta para el consumo con riesgo para la salud;Nº boletines analíticos de calidad de aguas de consumo humano por su calificación - Análisis sin calificación;Nº registros revisados de infraestructuras - Captaciones;Nº registros revisados de infraestructuras - Estaciones de tratamiento;Nº registros revisados de infraestructuras - Depósitos;Nº registros revisados de infraestructuras - Redes de distribución;Nº registros revisados de infraestructuras -Instalaciones interiores;Nº registros revisados - Boletines analíticos;Nº registros revisados - Incidencias;Nº de bajas - Zonas de abastecimiento;Nº de bajas - Captaciones;Nº de bajas - Estaciones de tratamiento;Nº de bajas - Depósitos;Nº de bajas - Redes de distribución;Nº de altas - Zonas de abastecimiento;Nº de altas - Captaciones;Nº de altas - Estaciones de tratamiento;Nº de altas - Depósitos;Nº de altas - Redes de distribución;Nº de clorimetrías iniciales realizadas;Nº de clorimetrías de seguimiento realizadas;Nº total de determinaciones analíticas en captaciones - Arsénico;Nº total de determinaciones analíticas en captaciones - Cadmio;Nº total de determinaciones analíticas en captaciones - Cobre;Nº total de determinaciones analíticas en captaciones - Cromo;Nº total de determinaciones analíticas en captaciones - Fluoruros;Nº total de determinaciones analíticas en captaciones - Plomo;Nº total de determinaciones analíticas en captaciones - Aluminio;Nº total de determinaciones analíticas en captaciones - Cloruros;Nº total de determinaciones analíticas en captaciones - Hierro;Nº total de determinaciones analíticas en captaciones - Manganeso;Nº total de determinaciones analíticas en captaciones - Sodio;Nº total de determinaciones analíticas en captaciones - Sulfatos;Nº total de determinaciones analíticas en captaciones - Calcio;Nº total de determinaciones analíticas en captaciones - Magnesio;Nº total de determinaciones analíticas en captaciones - Potasio;Nº total de determinaciones analíticas en captaciones - Residuo seco;Nº total de determinaciones analíticas en captaciones - Vanadio;Nº total de determinaciones analíticas en captaciones - Conductividad;Nº total de determinaciones analíticas en redes - Arsénico;Nº total de determinaciones analíticas en redes - Cadmio;Nº total de determinaciones analíticas en redes - Cobre;Nº total de determinaciones analíticas en redes - Cromo;Nº total de determinaciones analíticas en redes - Fluoruros;Nº total de determinaciones analíticas en redes - Plomo;Nº total de determinaciones analíticas en redes - Aluminio;Nº total de determinaciones analíticas en redes - Cloruros;Nº total de determinaciones analíticas en redes - Hierro;Nº total de determinaciones analíticas en redes - Manganeso;Nº total de determinaciones analíticas en redes - Sodio;Nº total de determinaciones analíticas en redes - Sulfatos;Nº total de determinaciones analíticas en redes - Calcio;Nº total de determinaciones analíticas en redes - Magnesio;Nº total de determinaciones analíticas en redes - Potasio;Nº total de determinaciones analíticas en redes - Residuo seco;Nº total de determinaciones analíticas en redes - Vanadio;Nº total de determinaciones analíticas en redes - Conductividad;Resultados determinaciones analíticas en redes de distribución - Agua apta;Resultados determinaciones analíticas en redes de distribución - Agua apta con no conformidad;Resultados determinaciones analíticas en redes de distribución - Agua no apta;Nº de resoluciones efectuadas;Nº de revocaciones de resoluciones;Nº determinaciones de parámetros radiactivos en captaciones - Actividad Alfa total;Nº determinaciones de parámetros radiactivos en captaciones - Actividad Beta resto;Nº determinaciones de parámetros radiactivos en captaciones - Actividad Beta total;Nº determinaciones de parámetros radiactivos en captaciones - Pb-210;Nº determinaciones de parámetros radiactivos en captaciones - Po-210;Nº determinaciones de parámetros radiactivos en captaciones - Ra-224;Nº determinaciones de parámetros radiactivos en captaciones - Ra-226;Nº determinaciones de parámetros radiactivos en captaciones - Ra-228;Nº determinaciones de parámetros radiactivos en captaciones - Th-228;Nº determinaciones de parámetros radiactivos en captaciones - Th-230;Nº  determinaciones de parámetros radiactivos en captaciones - Th-232;Nº  determinaciones de parámetros radiactivos en captaciones - U-234;Nº determinaciones de parámetros radiactivos en captaciones - U-235;Nº determinaciones de parámetros radiactivos en captaciones - U-238;Nº determinaciones de parámetros radiactivos en captaciones - K-40;Nº determinaciones de parámetros radiactivos en captaciones - Rn-222;Nº  determinaciones de parámetros radiactivos en captaciones - Dosis Indicativa;Nº determinaciones de parámetros radiactivos en redes - Actividad Alfa total;Nº determinaciones de parámetros radiactivos en redes - Actividad Beta resto;Nº determinaciones de parámetros radiactivos en redes - Actividad Beta total;Nº determinaciones de parámetros radiactivos en redes - Pb-210;Nº determinaciones de parámetros radiactivos en redes - Po-210;Nº determinaciones de parámetros radiactivos en redes - Ra-224;Nº determinaciones de parámetros radiactivos en redes - Ra-226;Nº determinaciones de parámetros radiactivos en redes - Ra-228;Nº determinaciones de parámetros radiactivos en redes - U-234;Nº determinaciones de parámetros radiactivos en redes - U-235;Nº determinaciones de parámetros radiactivos en redes - U-238;Nº determinaciones de parámetros radiactivos en redes - K-40;Nº determinaciones de parámetros radiactivos en redes - Dosis Indicativa;Nº determinaciones analíticas - Aluminio;Nº determinaciones analíticas - Cadmio;Nº determinaciones analíticas - Calcio;Nº determinaciones analíticas - Cloruros;Nº determinaciones analíticas - Cobre;Nº determinaciones analíticas - Conductividad;Nº determinaciones analíticas - Cromo;Nº determinaciones analíticas - Fluoruros;Nº determinaciones analíticas - Magnesio;Nº determinaciones analíticas - Manganeso;Nº determinaciones analíticas - pH;Nº determinaciones analíticas - Plomo;Nº determinaciones analíticas - Potasio;Nº determinaciones analíticas - Residuo seco;Nº determinaciones analíticas - Selenio;Nº determinaciones analíticas - Sodio;Nº determinaciones analíticas - Sulfatos;Nº determinaciones analíticas - Vanadio;Nº muestras para el análisis de Microcistinas;Nº incumplimientos detectados - Microcistinas;Nº muestras para el análisis de Trihalometanos;Nº incumplimientos detectados - Trihalometanos
2019;Ávila;235;651;402;481;390;1648;254;1119;1265;658;3944;465;239;23;273;48;29;36;30;98;320.0;63;0;0;1;1;0;1;7;5;4;4;944;46;62;52;52;52;184;51;51;187;61;121;187;187;0;3;0;0;52;187;23;2;2;2;32;3;2;31;24;8;32;32;0;1;0;0;2;32;24;2;7;0;0;1;1;1;1;5;1;1;1;;;;1;1;1;1;1;1;0;0;0;0;0;0;0;0;0;0;0;0;0;0;0;0;0;0;0;0;0;0;0;;0;0;0;;0;0;0;9;0;9;0
2019;Palencia;154;436;378;461;396;1022;195;1003;1041;292;3200;187;102;12;52;21;20;23;19;43;156.0;21;0;0;0;0;0;2;1;1;1;0;1051;2;0;4;4;4;4;4;4;4;0;4;1;4;1;1;1;1;4;4;1;17;17;17;20;17;17;19;1;17;1;19;0;0;0;0;17;19;17;0;2;0;0;2;2;2;2;2;2;2;2;;;;2;2;2;2;0;2;6;6;6;6;6;6;6;6;6;6;6;6;6;1;1;1;1;1;1;1;1;1;1;;1;1;1;;1;1;1;0;0;10;0
2019;Segovia;162;434;384;468;382;1302;248;1216;930;947;4021;237;159;14;212;25;18;20;15;29;178.0;55;0;0;0;0;7;0;4;3;1;6;742;0;44;20;20;20;84;20;20;84;44;41;84;84;0;0;0;0;20;84;13;0;0;0;13;0;0;13;13;0;13;13;0;0;0;0;0;13;11;1;2;0;0;2;2;2;2;3;2;2;2;;;;2;2;2;2;0;2;6;6;6;6;6;6;6;6;6;6;6;6;6;0;0;0;0;0;0;0;0;0;0;;0;0;0;;0;0;0;10;0;13;0
2019;Valladolid;149;344;293;334;271;1679;246;1155;902;689;4219;253;76;5;118;18;9;15;14;73;207.0;53;0;0;0;0;0;1;1;0;1;0;812;3;28;10;10;11;37;10;10;37;28;10;38;37;0;0;0;0;8;37;10;5;5;5;15;5;5;15;10;5;15;15;0;0;0;0;4;15;12;3;4;0;0;0;0;0;0;0;0;0;0;;;;0;0;0;0;0;0;0;0;0;0;0;0;0;0;0;0;0;0;0;0;0;0;0;0;0;0;0;0;0;;0;0;0;;0;0;0;0;0;19;0
2018;Ávila;234;644;398;478;389;1633;147;1222;1160;599;3857;435;227;20;222;50;36;44;39;147;314.0;49;4;0;0;2;7;2;34;16;13;14;953;8;21;3;3;3;41;3;3;41;21;3;41;41;3;3;3;;0;;4;0;0;0;4;0;0;4;4;0;4;4;0;0;0;;0;;17;0;1;0;0;5;5;5;5;5;5;5;5;5;5;5;5;5;5;5;;5;;;;;;;;;;;;;;5;5;5;;5;5;5;;5;;5;5;5;5;5;;;5;8;0;9;0
2018;Burgos;293;1180;819;1065;833;1792;134;1788;2028;462;5326;301;149;17;411;233;158;190;158;251;827.0;116;5;0;0;1;0;1;2;3;2;0;1655;33;124;84;84;83;191;84;85;191;124;88;190;191;15;15;15;;85;;2;2;2;2;6;2;2;5;5;5;3;15;0;0;0;;2;;9;7;1;0;0;17;17;17;17;17;17;17;17;17;17;17;17;17;17;17;;17;;;;;;;;;;;;;;17;17;17;;17;17;17;;17;;17;17;17;17;17;;;17;0;0;6;0
2018;Salamanca;242;666;482;581;466;2291;289;1924;1295;2864;7048;888;244;11;472;63;36;47;32;102;502.0;35;0;0;0;0;0;0;10;6;11;4;1084;10;89;12;12;12;21;12;12;21;9;14;21;21;14;14;14;;12;;39;0;0;0;3;0;0;0;3;4;0;0;0;0;0;;0;;13;0;8;1;2;14;14;14;14;14;14;14;14;14;14;14;14;14;14;14;;14;;;;;;;;;;;;;;14;14;14;;14;14;14;;14;;14;14;14;14;14;;;14;10;0;18;0
2018;Valladolid;150;343;293;333;271;1948;202;1293;911;699;4583;212;89;4;165;29;25;24;21;83;345.0;36;0;0;0;0;0;0;1;0;0;0;785;7;26;11;11;11;48;11;11;48;26;11;48;48;6;6;6;;11;;4;0;0;0;10;0;0;10;4;0;10;10;0;0;0;;0;;41;9;0;0;0;12;12;12;12;12;12;12;12;12;12;12;12;12;12;12;;12;;;;;;;;;;;;;;12;12;12;;12;12;12;;12;;12;12;12;12;12;;;12;0;0;16;1
2018;Zamora;235;711;533;627;536;1441;142;1540;1433;476;4054;618;52;3;305;144;114;112;104;202;628.0;343;8;0;0;1;0;2;6;7;7;6;1123;49;80;6;6;6;49;6;6;49;24;94;46;47;0;6;0;;6;;9;0;0;0;3;0;0;1;5;8;2;1;0;0;0;;0;;68;17;18;6;0;8;8;8;8;8;8;8;8;8;8;8;8;8;8;8;;8;;;;;;;;;;;;;;8;8;8;;8;8;8;;8;;8;8;8;8;8;;;8;6;0;9;1
2017;Palencia;156;435;376;461;396;1047;128;1034;1079;297;3095;227;42;8;213;188;135;176;142;198;891.0;133;0;0;0;1;0;0;5;1;0;0;932;7;36;;;;129;;;129;36;93;129;129;;;;;;;1;;;;4;;;4;1;3;4;4;;;;;;;230;14;19;0;;0;0;0;0;0;0;0;0;0;0;0;0;0;0;;;0;;;;;;;;;;;;;;103;103;0;;103;143;103;;0;;0;103;0;143;60;;;103;2;0;5;0
2017;Valladolid;150;342;293;333;271;1564;185;1164;868;607;4027;182;49;1;129;108;114;110;72;320;1418.0;466;4;1;0;2;0;1;1;0;0;0;436;0;14;;;;43;;;43;14;11;43;43;;;;;;;3;;;;11;;;11;3;0;11;11;;;;;;;328;52;12;0;;7;7;6;7;7;7;7;7;7;7;7;7;7;7;;;7;;;;;;;;;;;;;;11;11;0;;11;54;11;;0;;0;11;0;24;10;;;11;0;0;15;1
2017;Zamora;241;705;526;621;530;1524;91;1568;1499;504;4197;638;52;1;298;211;144;204;165;259;1010.0;272;0;0;0;0;2;0;13;11;1;13;1124;58;77;;;;199;;;197;77;122;197;195;;;;;;;18;;;;21;;;14;15;13;16;6;;;;;;;257;35;32;6;;0;0;0;0;0;0;0;0;0;0;0;0;0;0;;;0;;;;;;;;;;;;;;5;7;0;;7;201;7;;0;;0;7;0;84;3;;;7;9;0;31;3
2016;Salamanca;242;658;475;569;461;2386;354;1755;1105;2284;6898;689;180;17;100;7;7;13;11;;;;0;0;0;0;0;0;4;3;1;1;967;20;62;;;;19;;;19;19;23;19;19;;;;;;;23;;;;8;;;4;8;9;3;3;;;;;;;126;3;30;0;;;;;;;;;;;;;;;;;;;;;;;;;;;;;;;;;;;;;;;;;;;;;;;;;;10;0;18;1
2016;Segovia;202;427;377;464;381;1023;133;1211;767;955;3521;235;223;15;95;161;126;162;131;;;;48;15;13;22;15;15;5;15;8;18;640;1;30;;;;50;;;50;50;22;50;50;;;;;;;11;;;;14;;;14;14;8;14;14;;;;;;;174;8;15;0;;;;;;;;;;;;;;;;;;;;;;;;;;;;;;;;;;;;;;;;;;;;;;;;;;13;0;12;0
2015;Ávila;240;602;374;469;379;1439;187;1120;1064;509;3728;295;160;22;114;324;210;255;209;;;;79;2;0;12;16;30;11;4;2;8;905;12;58;;;;61;;;61;55;0;61;61;;;;;;;7;;;;5;;;5;7;0;5;5;;;;;;;97;1;9;;;;;;;;;;;;;;;;;;;;;;;;;;;;;;;;;;;;;;;;;;;;;;;;;;;10;0;11;2
2015;Palencia;185;431;368;468;393;945;124;667;889;109;2485;136;62;4;47;192;196;256;213;;;;55;7;2;19;16;16;17;29;15;16;811;15;7;;;;40;;;40;7;36;40;40;;;;;;;3;;;;23;;;23;3;16;23;23;;;;;;;113;8;9;;;;;;;;;;;;;;;;;;;;;;;;;;;;;;;;;;;;;;;;;;;;;;;;;;;0;0;4;0
2015;Zamora;241;685;512;616;516;1233;115;1220;1397;1448;4508;467;40;3;395;379;273;362;299;;;;98;10;6;17;18;23;43;43;25;17;1375;25;29;;;;111;;;109;110;78;109;108;;;;;;;0;;;;1;;;0;3;10;0;0;;;;;;;45;12;10;;;;;;;;;;;;;;;;;;;;;;;;;;;;;;;;;;;;;;;;;;;;;;;;;;;7;0;12;3
2014;Burgos;548;1153;737;1032;879;1924;121;2773;1525;1352;3963;167;4;1;738;282;167;211;168;;;;110;1;4;19;9;13;16;23;14;9;1555;18;64;;;;41;;;41;64;41;41;41;;;;;;;0;;;;3;;;1;1;3;1;5;;;;;;;12;5;2;;;;;;;;;;;;;;;;;;;;;;;;;;;;;;;;;;;;;;;;;;;;;;;;;;;0;0;6;0
2014;Valladolid;174;330;289;339;282;1775;204;688;919;683;3239;100;52;4;143;71;57;62;46;;;;3;4;5;8;13;1;2;18;1;6;839;4;45;;;;66;;;67;40;19;67;67;;;;;;;16;;;;23;;;25;15;0;25;26;;;;;;;159;25;3;;;;;;;;;;;;;;;;;;;;;;;;;;;;;;;;;;;;;;;;;;;;;;;;;;;0;0;12;1
2014;Zamora;287;655;475;607;517;1076;67;975;1293;1462;3157;195;20;1;507;288;221;239;200;;;;104;0;1;0;2;30;5;6;4;2;1262;25;36;;;;95;;;88;89;37;90;88;;;;;;;10;;;;9;;;7;7;1;6;2;;;;;;;39;9;10;;;;;;;;;;;;;;;;;;;;;;;;;;;;;;;;;;;;;;;;;;;;;;;;;;;7;0;13;4
2013;Burgos;678;1138;720;1040;824;1403;288;2050;2148;1519;7073;175;24;8;;;;;;;;;0;23;6;15;3;0;1;3;1;0;2181;63;20;;;;128;;;128;20;128;128;128;;;;;;;0;;;;1;;;1;1;0;1;1;;;;;;;5;0;0;;;;;;;;;;;;;;;;;;;;;;;;;;;;;;;;;;;;;;;;;;;;;;;;;;;0;0;6;0
2013;Segovia;264;428;369;469;391;830;81;951;1294;426;3087;136;169;12;;;;;;;;;0;18;8;19;10;1;10;20;23;11;1121;8;40;;;;118;;;118;40;0;118;118;;;;;;;4;;;;1;;;1;4;0;1;1;;;;;;;10;2;0;;;;;;;;;;;;;;;;;;;;;;;;;;;;;;;;;;;;;;;;;;;;;;;;;;;7;0;11;1
2012;Palencia;303;420;339;480;383;607;74;711;23;327;1584;115;40;3;;;;;;;;;;;;;;;;;;;;;;;;;;;;;;;;;;;;;;;;;;;;;;;;;;;;;;;;;;;;;;;;;;;;;;;;;;;;;;;;;;;;;;;;;;;;;;;;;;;;;;;;;;;;;;0;;15;
2012;Segovia;269;438;356;473;392;796;38;698;20;413;1741;79;138;7;;;;;;;;;;;;;;;;;;;;;;;;;;;;;;;;;;;;;;;;;;;;;;;;;;;;;;;;;;;;;;;;;;;;;;;;;;;;;;;;;;;;;;;;;;;;;;;;;;;;;;;;;;;;;;8;;12;
2012;Valladolid;185;326;269;380;285;1253;96;1061;23;1034;3277;115;72;3;;;;;;;;;;;;;;;;;;;;;;;;;;;;;;;;;;;;;;;;;;;;;;;;;;;;;;;;;;;;;;;;;;;;;;;;;;;;;;;;;;;;;;;;;;;;;;;;;;;;;;;;;;;;;;0;;12;
2011;Palencia;293;408;331;468;377;741;111;734;69;48;1563;110;25;5;;;;;;;;;;;;;;;;;;;;;;;;;;;;;;;;;;;;;;;;;;;;;;;;;;;;;;;;;;;;;;;;;;;;;;;;;;;;;;;;;;;;;;;;;;;;;;;;;;;;;;;;;;;;;;2;;10;
2011;Soria;355;582;347;436;370;537;101;689;235;1196;2702;44;11;1;;;;;;;;;;;;;;;;;;;;;;;;;;;;;;;;;;;;;;;;;;;;;;;;;;;;;;;;;;;;;;;;;;;;;;;;;;;;;;;;;;;;;;;;;;;;;;;;;;;;;;;;;;;;;;0;;5;
2011;Valladolid;188;336;295;402;307;1638;166;894;241;234;2946;112;113;2;;;;;;;;;;;;;;;;;;;;;;;;;;;;;;;;;;;;;;;;;;;;;;;;;;;;;;;;;;;;;;;;;;;;;;;;;;;;;;;;;;;;;;;;;;;;;;;;;;;;;;;;;;;;;;0;;20;
2010;Palencia;241;339;266;381;313;;;;;;;;;;;;;;;;;;;;;;;;;;;;;;;;;;;;;;;;;;;;;;;;;;;;;;;;;;;;;;;;;;;;;;;;;;;;;;;;;;;;;;;;;;;;;;;;;;;;;;;;;;;;;;;;;;;;;;;0;;;
2010;Valladolid;187;332;296;398;303;;;;;;;;;;;;;;;;;;;;;;;;;;;;;;;;;;;;;;;;;;;;;;;;;;;;;;;;;;;;;;;;;;;;;;;;;;;;;;;;;;;;;;;;;;;;;;;;;;;;;;;;;;;;;;;;;;;;;;;0;;;
2009;Ávila;90;117;87;130;93;;;;;;;;;;;;;;;;;;;;;;;;;;;;;;;;;;;;;;;;;;;;;;;;;;;;;;;;;;;;;;;;;;;;;;;;;;;;;;;;;;;;;;;;;;;;;;;;;;;;;;;;;;;;;;;;;;;;;;;0;;;
2009;Salamanca;45;61;50;111;72;;;;;;;;;;;;;;;;;;;;;;;;;;;;;;;;;;;;;;;;;;;;;;;;;;;;;;;;;;;;;;;;;;;;;;;;;;;;;;;;;;;;;;;;;;;;;;;;;;;;;;;;;;;;;;;;;;;;;;;6;;;
2009;Valladolid;117;205;187;260;185;;;;;;;;;;;;;;;;;;;;;;;;;;;;;;;;;;;;;;;;;;;;;;;;;;;;;;;;;;;;;;;;;;;;;;;;;;;;;;;;;;;;;;;;;;;;;;;;;;;;;;;;;;;;;;;;;;;;;;;0;;;
2008;León;21;85;69;122;115;;;;;;;;;;;;;;;;;;;;;;;;;;;;;;;;;;;;;;;;;;;;;;;;;;;;;;;;;;;;;;;;;;;;;;;;;;;;;;;;;;;;;;;;;;;;;;;;;;;;;;;;;;;;;;;;;;;;;;;;;;
2008;Zamora;10;21;16;18;15;;;;;;;;;;;;;;;;;;;;;;;;;;;;;;;;;;;;;;;;;;;;;;;;;;;;;;;;;;;;;;;;;;;;;;;;;;;;;;;;;;;;;;;;;;;;;;;;;;;;;;;;;;;;;;;;;;;;;;;;;;
2019;Burgos;293;1183;818;1067;833;1557;142;1225;1721;345;4568;134;47;2;239;170;118;163;126;244;752.0;363;0;0;1;1;0;0;3;0;3;0;1744;25;91;12;12;12;94;12;12;94;91;12;94;94;7;7;7;7;12;94;2;1;1;1;4;1;4;1;2;3;2;9;0;0;0;0;1;1;7;3;4;0;0;9;9;9;9;10;9;9;9;;;;9;9;9;9;0;9;6;6;6;6;6;6;6;6;6;6;6;6;6;7;7;7;7;7;7;7;7;7;7;;7;7;7;;7;7;7;0;0;6;0
2019;Soria;169;679;447;524;442;926;137;1014;1326;1608;4482;169;107;22;231;99;65;86;67;89;674.0;91;0;0;1;0;0;1;4;2;1;2;1155;3;149;40;40;40;190;42;45;189;150;40;190;190;20;20;20;20;40;190;0;0;0;0;0;1;0;0;0;0;0;0;0;0;0;0;0;0;2;0;0;0;0;20;20;20;20;22;20;20;20;;;;20;20;20;20;0;20;0;0;0;0;0;0;0;0;0;0;0;0;0;18;18;18;18;18;18;18;18;18;18;;18;18;18;;18;18;18;3;0;3;0
2018;Palencia;156;435;377;460;396;982;85;1047;1241;273;3076;201;58;7;286;79;181;180;172;295;1313.0;89;0;0;0;1;0;0;0;1;0;0;1017;6;0;116;116;116;117;115;116;117;0;116;117;117;16;15;15;;116;;0;12;12;12;12;12;12;12;0;12;12;12;0;0;0;;12;;19;1;1;0;0;20;20;20;20;20;20;20;20;20;20;20;20;20;20;20;;20;;;;;;;;;;;;;;20;20;20;;20;20;20;;20;;20;20;20;20;20;;;20;0;0;7;0
2018;Segovia;162;432;383;469;384;1262;132;1331;846;1035;3857;302;215;20;212;24;28;28;25;85;631.0;127;2;0;0;0;1;1;3;2;0;3;641;2;51;5;5;5;95;5;5;95;51;20;94;94;5;5;5;;5;;7;0;0;0;15;0;0;15;8;5;15;15;0;0;0;;0;;28;0;0;0;0;7;7;7;7;7;7;7;7;7;7;7;7;7;7;7;;7;;;;;;;;;;;;;;7;7;7;;7;7;7;;7;;7;7;7;7;7;;;7;10;0;13;0
2018;Soria;168;675;446;523;440;861;57;1129;1276;1459;4371;141;65;7;198;125;81;93;77;86;546.0;37;0;7;0;0;0;1;4;3;4;1;1084;0;95;81;81;80;171;84;81;171;90;81;169;171;5;5;5;;80;;0;0;0;0;0;1;0;0;0;0;0;0;0;0;0;;0;;14;2;1;1;0;5;5;5;5;5;5;5;5;5;5;5;5;5;5;5;;5;;;;;;;;;;;;;;5;5;5;;5;5;5;;5;;5;5;5;5;5;;;5;3;0;3;0
2017;Ávila;236;610;382;465;380;1574;145;1157;1137;560;3873;325;127;14;234;142;73;96;67;228;970.0;176;0;0;0;3;0;0;4;3;1;1;960;11;34;;;;116;;;116;33;21;116;116;;;;;;;3;;;;3;;;3;3;0;3;3;;;;;;;220;4;18;0;;15;15;15;15;15;15;15;15;15;15;15;15;15;15;;;15;;;;;;;;;;;;;;23;23;0;;23;115;23;;2;;0;23;0;59;23;;;23;9;0;11;2
2017;León;307;1405;1022;1216;1064;2327;210;2967;2383;623;7575;504;94;45;292;677;498;569;492;1519;3770.0;845;17;11;1;0;2;9;24;13;11;14;2136;184;78;;;;225;;;225;78;150;225;225;;;;;;;4;;;;5;;;5;5;5;5;5;;;;;;;47;2;3;0;;0;0;0;0;0;0;0;0;0;0;0;0;0;0;;;0;;;;;;;;;;;;;;3;3;2;;5;218;3;;2;;21;3;2;64;0;;;3;11;0;14;0
2017;Segovia;163;429;381;469;382;1145;119;1164;819;1070;3714;238;190;11;164;132;123;164;132;230;1666.0;237;52;1;1;5;4;8;3;5;10;5;679;1;44;;;;112;;;112;44;14;112;112;;;;;;;0;;;;7;;;7;0;0;7;7;;;;;;;204;8;13;14;;2;2;2;2;2;2;2;2;2;1;1;2;2;2;;;2;;;;;;;;;;;;;;14;14;0;;14;120;14;;0;;0;14;4;56;9;;;12;9;0;11;0
2016;Soria;165;657;430;504;427;739;100;1045;965;1383;3845;132;79;9;167;24;17;21;17;;;;2;0;0;1;0;2;9;7;9;7;820;0;0;;;;160;;;160;0;54;160;160;;;;;;;0;;;;7;;;7;0;2;8;7;;;;;;;220;3;2;0;;;;;;;;;;;;;;;;;;;;;;;;;;;;;;;;;;;;;;;;;;;;;;;;;;2;0;3;0
2016;Valladolid;153;342;293;334;271;1763;189;1094;881;604;4214;136;67;8;106;47;36;39;34;;;;27;0;2;5;0;4;4;4;1;0;821;4;12;;;;30;;;30;12;0;30;30;;;;;;;7;;;;11;;;12;8;0;11;12;;;;;;;245;31;9;23;;;;;;;;;;;;;;;;;;;;;;;;;;;;;;;;;;;;;;;;;;;;;;;;;;0;0;17;0
2015;León;359;1346;946;1142;994;1872;347;2845;1953;428;6688;478;135;65;79;826;576;696;610;;;;367;61;20;35;10;103;203;138;127;125;2082;213;1;;;;1;;;0;1;0;0;0;;;;;;;0;;;;1;;;1;0;0;1;1;;;;;;;14;1;1;;;;;;;;;;;;;;;;;;;;;;;;;;;;;;;;;;;;;;;;;;;;;;;;;;;11;0;20;0
2015;Segovia;230;436;374;477;378;991;127;1141;1105;635;3511;162;127;12;187;84;68;71;57;;;;35;1;1;0;8;8;11;3;8;7;890;0;85;;;;91;;;91;85;0;91;91;;;;;;;18;;;;5;;;5;13;0;4;4;;;;;;;93;6;9;;;;;;;;;;;;;;;;;;;;;;;;;;;;;;;;;;;;;;;;;;;;;;;;;;;16;0;11;0
2015;Valladolid;176;337;291;338;271;1780;199;1171;819;536;4185;128;56;8;128;137;134;149;118;;;;13;0;10;12;6;11;8;11;9;7;707;9;23;;;;43;;;43;32;11;43;43;;;;;;;14;;;;16;;;17;15;1;17;18;;;;;;;194;25;5;;;;;;;;;;;;;;;;;;;;;;;;;;;;;;;;;;;;;;;;;;;;;;;;;;;0;0;18;2
2014;Ávila;289;596;370;477;398;1316;145;1115;1197;451;2479;231;110;14;130;112;69;88;70;;;;0;0;0;0;0;0;6;1;1;0;1236;13;60;;;;119;;;119;60;0;119;119;;;;;;;0;;;;1;;;1;0;0;1;1;;;;;;;64;1;8;;;;;;;;;;;;;;;;;;;;;;;;;;;;;;;;;;;;;;;;;;;;;;;;;;;10;0;12;4
2014;Salamanca;258;648;462;557;474;3089;382;3368;1305;2314;6059;434;111;17;184;310;178;206;162;;;;29;4;4;1;0;3;3;0;2;1;1141;2;65;;;;127;;;125;125;125;125;125;;;;;;;14;;;;0;;;0;2;2;0;0;;;;;;;33;0;8;;;;;;;;;;;;;;;;;;;;;;;;;;;;;;;;;;;;;;;;;;;;;;;;;;;11;0;18;4
2014;Soria;178;628;411;485;421;430;16;414;1121;1183;2614;32;8;3;35;437;283;335;277;;;;58;7;5;3;7;14;17;15;14;19;1198;9;0;;;;22;;;22;0;22;22;22;;;;;;;0;;;;3;;;3;0;0;3;3;;;;;;;191;2;1;;;;;;;;;;;;;;;;;;;;;;;;;;;;;;;;;;;;;;;;;;;;;;;;;;;7;0;3;1
2013;Palencia;302;422;342;472;387;692;119;565;1314;235;2599;178;40;6;;;;;;;;;0;6;5;7;3;1;4;8;6;6;1191;117;20;;;;90;;;90;21;70;90;90;;;;;;;1;;;;10;;;10;1;9;10;10;;;;;;;44;3;4;;;;;;;;;;;;;;;;;;;;;;;;;;;;;;;;;;;;;;;;;;;;;;;;;;;10;0;10;0
2013;Zamora;385;650;470;606;516;753;57;427;1406;2505;4770;260;21;0;;;;;;;;;4;3;4;7;0;1;11;11;5;7;1322;40;41;;;;99;;;99;65;24;99;99;;;;;;;4;;;;7;;;6;6;1;6;6;;;;;;;24;7;5;;;;;;;;;;;;;;;;;;;;;;;;;;;;;;;;;;;;;;;;;;;;;;;;;;;7;0;9;2
2012;Burgos;679;1162;724;1055;829;1404;103;2363;9;2200;5779;253;47;0;;;;;;;;;;;;;;;;;;;;;;;;;;;;;;;;;;;;;;;;;;;;;;;;;;;;;;;;;;;;;;;;;;;;;;;;;;;;;;;;;;;;;;;;;;;;;;;;;;;;;;;;;;;;;;3;;2;
2012;León;665;1134;748;1001;813;1754;67;1826;39;121;3478;224;102;3;;;;;;;;;;;;;;;;;;;;;;;;;;;;;;;;;;;;;;;;;;;;;;;;;;;;;;;;;;;;;;;;;;;;;;;;;;;;;;;;;;;;;;;;;;;;;;;;;;;;;;;;;;;;;;7;;15;
2012;Salamanca;286;438;435;575;446;1187;2;296;47;6957;7983;369;105;32;;;;;;;;;;;;;;;;;;;;;;;;;;;;;;;;;;;;;;;;;;;;;;;;;;;;;;;;;;;;;;;;;;;;;;;;;;;;;;;;;;;;;;;;;;;;;;;;;;;;;;;;;;;;;;2;;16;
2012;Soria;299;594;353;441;374;548;46;705;4;1486;2748;41;0;0;;;;;;;;;;;;;;;;;;;;;;;;;;;;;;;;;;;;;;;;;;;;;;;;;;;;;;;;;;;;;;;;;;;;;;;;;;;;;;;;;;;;;;;;;;;;;;;;;;;;;;;;;;;;;;1;;3;
2012;Zamora;392;642;462;608;509;810;49;1016;119;3997;5694;265;30;2;;;;;;;;;;;;;;;;;;;;;;;;;;;;;;;;;;;;;;;;;;;;;;;;;;;;;;;;;;;;;;;;;;;;;;;;;;;;;;;;;;;;;;;;;;;;;;;;;;;;;;;;;;;;;;0;;1;
2011;Burgos;624;1067;661;972;762;1270;627;2134;269;1082;5092;256;28;6;;;;;;;;;;;;;;;;;;;;;;;;;;;;;;;;;;;;;;;;;;;;;;;;;;;;;;;;;;;;;;;;;;;;;;;;;;;;;;;;;;;;;;;;;;;;;;;;;;;;;;;;;;;;;;4;;15;
2011;Zamora;397;618;449;589;497;892;74;1085;476;3829;5991;304;55;6;;;;;;;;;;;;;;;;;;;;;;;;;;;;;;;;;;;;;;;;;;;;;;;;;;;;;;;;;;;;;;;;;;;;;;;;;;;;;;;;;;;;;;;;;;;;;;;;;;;;;;;;;;;;;;0;;12;
2010;Ávila;229;422;265;364;286;;;;;;;;;;;;;;;;;;;;;;;;;;;;;;;;;;;;;;;;;;;;;;;;;;;;;;;;;;;;;;;;;;;;;;;;;;;;;;;;;;;;;;;;;;;;;;;;;;;;;;;;;;;;;;;;;;;;;;;7;;;
2010;Salamanca;306;605;416;535;412;;;;;;;;;;;;;;;;;;;;;;;;;;;;;;;;;;;;;;;;;;;;;;;;;;;;;;;;;;;;;;;;;;;;;;;;;;;;;;;;;;;;;;;;;;;;;;;;;;;;;;;;;;;;;;;;;;;;;;;9;;;
2010;Segovia;258;411;333;456;373;;;;;;;;;;;;;;;;;;;;;;;;;;;;;;;;;;;;;;;;;;;;;;;;;;;;;;;;;;;;;;;;;;;;;;;;;;;;;;;;;;;;;;;;;;;;;;;;;;;;;;;;;;;;;;;;;;;;;;;10;;;
2010;Soria;300;486;294;358;313;;;;;;;;;;;;;;;;;;;;;;;;;;;;;;;;;;;;;;;;;;;;;;;;;;;;;;;;;;;;;;;;;;;;;;;;;;;;;;;;;;;;;;;;;;;;;;;;;;;;;;;;;;;;;;;;;;;;;;;4;;;
2010;Zamora;329;460;357;477;399;;;;;;;;;;;;;;;;;;;;;;;;;;;;;;;;;;;;;;;;;;;;;;;;;;;;;;;;;;;;;;;;;;;;;;;;;;;;;;;;;;;;;;;;;;;;;;;;;;;;;;;;;;;;;;;;;;;;;;;17;;;
2009;Burgos;56;113;59;98;75;;;;;;;;;;;;;;;;;;;;;;;;;;;;;;;;;;;;;;;;;;;;;;;;;;;;;;;;;;;;;;;;;;;;;;;;;;;;;;;;;;;;;;;;;;;;;;;;;;;;;;;;;;;;;;;;;;;;;;;0;;;
2009;Palencia;83;95;75;104;75;;;;;;;;;;;;;;;;;;;;;;;;;;;;;;;;;;;;;;;;;;;;;;;;;;;;;;;;;;;;;;;;;;;;;;;;;;;;;;;;;;;;;;;;;;;;;;;;;;;;;;;;;;;;;;;;;;;;;;;0;;;
2008;Salamanca;32;40;40;92;44;;;;;;;;;;;;;;;;;;;;;;;;;;;;;;;;;;;;;;;;;;;;;;;;;;;;;;;;;;;;;;;;;;;;;;;;;;;;;;;;;;;;;;;;;;;;;;;;;;;;;;;;;;;;;;;;;;;;;;;;;;
2008;Segovia;25;58;46;74;48;;;;;;;;;;;;;;;;;;;;;;;;;;;;;;;;;;;;;;;;;;;;;;;;;;;;;;;;;;;;;;;;;;;;;;;;;;;;;;;;;;;;;;;;;;;;;;;;;;;;;;;;;;;;;;;;;;;;;;;;;;
2008;Valladolid;20;44;49;79;57;;;;;;;;;;;;;;;;;;;;;;;;;;;;;;;;;;;;;;;;;;;;;;;;;;;;;;;;;;;;;;;;;;;;;;;;;;;;;;;;;;;;;;;;;;;;;;;;;;;;;;;;;;;;;;;;;;;;;;;;;;
2019;León;305;1438;1043;1239;1082;2547;408;2966;2612;426;7968;476;118;14;383;86;44;75;63;167;766.0;46;0;1;1;1;3;1;10;3;4;5;2131;131;191;18;18;18;233;18;18;233;193;93;233;233;17;17;17;17;18;264;10;0;0;0;5;0;0;5;8;1;5;5;0;0;0;0;0;5;11;0;1;0;0;18;18;18;18;18;18;18;18;;;;18;18;18;18;0;18;0;0;0;0;0;0;0;0;0;0;0;0;0;17;17;17;17;17;17;17;17;17;17;;17;17;17;;17;17;17;9;0;14;0
2019;Salamanca;243;672;485;582;466;1975;348;1699;1206;1131;5357;698;155;15;134;55;31;30;31;88;331.0;64;0;0;0;0;0;1;6;3;1;0;1068;11;58;0;0;0;9;0;0;8;11;2;8;8;0;0;0;0;0;30;34;0;0;0;2;0;0;1;1;1;0;0;0;0;0;0;0;14;32;0;5;0;0;5;5;5;5;5;5;5;5;;;;5;5;5;5;5;5;0;0;0;0;0;0;0;0;0;0;0;0;0;0;0;0;0;0;0;0;0;0;0;;0;0;0;;0;0;0;10;0;18;0
2019;Zamora;235;717;538;630;539;1370;167;1523;1351;544;4123;438;80;11;303;73;55;55;49;35;422.0;46;0;0;0;0;0;0;6;5;3;3;1075;19;114;8;8;8;88;8;8;74;75;47;75;71;8;8;8;8;8;98;11;0;0;0;17;0;0;9;9;2;10;7;0;0;0;0;0;1;19;1;12;0;0;8;8;8;8;9;8;8;8;;;;8;8;8;8;0;8;1;1;1;1;1;1;1;1;1;1;1;1;1;7;7;7;7;7;7;7;7;7;7;;7;7;7;;7;7;7;7;0;9;0
2018;León;306;1434;1041;1236;1082;2463;219;2912;2584;347;7581;502;110;19;313;248;205;248;223;754;1201.0;273;2;0;1;0;0;1;19;20;20;18;2161;205;167;4;4;4;247;3;4;247;138;112;245;247;4;4;4;;4;;3;0;0;0;0;0;0;6;0;1;0;0;0;0;0;;0;;31;1;2;0;0;5;5;5;5;5;5;5;5;5;5;5;5;5;5;5;;5;;;;;;;;;;;;;;5;5;5;;5;5;5;;5;;5;5;5;5;5;;;5;9;0;13;0
2017;Burgos;297;1178;816;1063;833;2090;122;1838;1755;1559;6049;345;89;15;866;318;211;263;223;433;1961.0;187;2;0;0;1;0;1;2;2;9;8;1668;13;83;;;;212;;;212;80;157;210;212;;;;;;;0;;;;3;;;1;2;2;2;7;;;;;;;38;16;4;0;;1;1;0;1;1;1;1;1;1;1;1;1;1;1;;;1;;;;;;;;;;;;;;159;159;0;;159;242;159;;0;;2;159;0;241;58;;;159;0;0;7;0
2017;Salamanca;242;655;476;570;462;2367;275;1741;1192;2454;6886;692;130;13;308;101;62;75;53;188;844.0;157;0;7;0;0;0;0;4;1;1;1;1061;7;43;;;;32;;;31;8;31;31;31;;;;;;;14;;;;3;;;1;1;2;0;2;;;;;;;144;1;35;22;;20;20;20;20;20;20;20;20;20;20;20;20;20;20;;;20;;;;;;;;;;;;;;21;21;0;;21;76;21;;0;;0;21;0;68;19;;;21;12;0;18;0
2017;Soria;167;676;443;519;439;874;69;1137;1231;1594;4411;141;65;6;282;194;126;150;125;138;891.0;52;0;3;0;0;4;2;24;13;15;14;995;2;63;;;;252;;;252;62;101;252;252;;;;;;;1;;;;3;;;3;1;2;4;3;;;;;;;234;5;3;4;;0;0;0;0;0;0;0;0;0;0;0;0;0;0;;;0;;;;;;;;;;;;;;103;103;0;;103;254;103;;0;;0;103;0;163;42;;;103;2;0;3;0
2016;Ávila;236;606;379;468;381;1556;146;1096;1069;413;3722;287;148;24;99;18;6;12;8;;;;9;0;0;3;0;3;5;5;3;2;944;15;40;;;;95;;;95;56;17;95;95;;;;;;;15;;;;19;;;19;17;1;19;19;;;;;;;192;5;19;0;;;;;;;;;;;;;;;;;;;;;;;;;;;;;;;;;;;;;;;;;;;;;;;;;;9;0;9;4
2016;Burgos;298;1176;814;1055;825;2179;170;2149;1553;1298;6115;357;81;7;789;284;219;281;235;;;;125;4;3;9;2;25;14;11;6;2;1551;8;0;;;;145;;;145;0;146;146;145;;;;;;;0;;;;1;;;1;0;0;1;4;;;;;;;29;9;3;4;;;;;;;;;;;;;;;;;;;;;;;;;;;;;;;;;;;;;;;;;;;;;;;;;;0;0;6;0
2016;León;315;1384;1009;1205;1050;2172;188;3002;2267;740;7442;620;145;47;115;191;161;187;166;;;;80;11;5;5;5;35;56;69;64;63;2154;189;1;;;;78;;;78;78;78;78;78;;;;;;;0;;;;1;;;1;1;1;1;1;;;;;;;20;1;1;0;;;;;;;;;;;;;;;;;;;;;;;;;;;;;;;;;;;;;;;;;;;;;;;;;;11;0;17;0
2016;Palencia;156;430;375;461;396;1065;105;714;830;182;2622;181;63;6;24;135;99;111;96;;;;44;8;0;11;2;15;7;7;5;5;795;1;0;;;;19;;;19;7;19;19;19;;;;;;;0;;;;13;;;13;2;13;13;13;;;;;;;173;10;14;8;;;;;;;;;;;;;;;;;;;;;;;;;;;;;;;;;;;;;;;;;;;;;;;;;;0;0;6;0
2016;Zamora;241;692;515;620;519;1311;101;1251;1722;394;4025;575;50;3;126;0;0;0;0;;;;0;1;0;0;0;0;8;3;4;3;1360;215;20;;;;108;;;108;90;70;108;108;;;;;;;4;;;;26;;;26;25;21;26;26;;;;;;;188;18;15;18;;;;;;;;;;;;;;;;;;;;;;;;;;;;;;;;;;;;;;;;;;;;;;;;;;6;0;11;5
2015;Burgos;397;1167;806;1057;825;1940;328;1917;1523;1003;5642;227;46;13;783;493;346;450;351;;;;244;18;7;24;12;59;30;73;47;13;1512;11;69;;;;55;;;55;69;55;55;55;;;;;;;0;;;;1;;;0;6;4;0;4;;;;;;;24;7;3;;;;;;;;;;;;;;;;;;;;;;;;;;;;;;;;;;;;;;;;;;;;;;;;;;;0;0;6;0
2015;Salamanca;242;654;472;568;460;2401;409;1797;1316;2118;7094;521;131;16;279;329;289;346;284;;;;24;8;5;10;3;8;13;12;17;11;1025;2;140;;;;89;;;89;91;82;89;89;;;;;;;14;;;;10;;;5;6;15;5;5;;;;;;;83;2;16;;;;;;;;;;;;;;;;;;;;;;;;;;;;;;;;;;;;;;;;;;;;;;;;;;;10;0;19;0
2015;Soria;165;648;423;496;422;684;112;914;886;1198;3647;29;45;17;56;185;124;141;124;;;;28;8;1;3;0;12;24;12;14;9;856;2;10;;;;37;;;37;30;40;37;37;;;;;;;0;;;;0;;;0;0;0;0;0;;;;;;;191;2;1;;;;;;;;;;;;;;;;;;;;;;;;;;;;;;;;;;;;;;;;;;;;;;;;;;;2;0;6;1
2014;León;596;1223;827;1047;905;1587;123;1841;1830;371;3210;200;40;15;184;257;189;215;184;;;;37;6;4;0;0;12;62;48;34;34;2320;168;21;;;;57;;;57;14;0;57;57;;;;;;;1;;;;1;;;2;0;0;2;1;;;;;;;10;1;1;;;;;;;;;;;;;;;;;;;;;;;;;;;;;;;;;;;;;;;;;;;;;;;;;;;8;0;18;0
2014;Palencia;224;423;341;472;405;891;108;627;940;43;1784;113;18;5;48;77;58;71;68;;;;102;1;1;1;7;23;3;0;1;13;855;61;16;;;;33;;;33;16;13;33;33;;;;;;;1;;;;1;;;1;1;0;1;1;;;;;;;57;4;4;;;;;;;;;;;;;;;;;;;;;;;;;;;;;;;;;;;;;;;;;;;;;;;;;;;7;0;10;0
2014;Segovia;256;429;372;470;387;1008;139;1117;1056;717;2352;203;133;5;133;40;31;40;34;;;;10;0;1;1;24;5;1;4;2;14;1040;18;41;;;;40;;;40;41;0;40;40;;;;;;;15;;;;7;;;6;5;0;6;6;;;;;;;48;6;3;;;;;;;;;;;;;;;;;;;;;;;;;;;;;;;;;;;;;;;;;;;;;;;;;;;11;0;11;1
2013;Ávila;291;590;369;478;387;1304;121;863;1356;454;3610;278;123;17;;;;;;;;;0;13;10;13;0;0;10;26;7;8;1259;27;50;;;;101;;;101;48;0;101;101;;;;;;;18;;;;10;;;10;10;0;10;10;;;;;;;59;1;8;;;;;;;;;;;;;;;;;;;;;;;;;;;;;;;;;;;;;;;;;;;;;;;;;;;10;0;12;0
2013;León;644;1174;785;1019;845;1290;63;1223;1790;251;4116;304;60;11;;;;;;;;;0;11;11;14;5;0;50;49;37;37;1954;217;18;;;;131;;;131;20;0;131;131;;;;;;;0;;;;0;;;0;1;0;0;0;;;;;;;1;0;0;;;;;;;;;;;;;;;;;;;;;;;;;;;;;;;;;;;;;;;;;;;;;;;;;;;7;0;15;0
2013;Salamanca;284;650;468;560;451;3037;332;1456;1838;4012;9624;515;173;25;;;;;;;;;0;17;24;27;13;8;40;53;31;21;1698;6;55;;;;114;;;114;114;114;114;114;;;;;;;16;;;;0;;;0;0;0;0;0;;;;;;;10;0;6;;;;;;;;;;;;;;;;;;;;;;;;;;;;;;;;;;;;;;;;;;;;;;;;;;;12;0;18;0
2013;Soria;203;619;401;474;400;349;22;461;1613;674;3028;46;2;0;;;;;;;;;62;9;3;6;2;24;34;52;42;28;1804;15;9;;;;45;;;45;9;19;45;45;;;;;;;9;;;;39;;;39;9;8;39;39;;;;;;;179;2;1;;;;;;;;;;;;;;;;;;;;;;;;;;;;;;;;;;;;;;;;;;;;;;;;;;;6;0;3;0
2013;Valladolid;179;332;277;350;275;1563;135;442;1070;657;3585;115;54;3;;;;;;;;;0;8;11;15;8;1;14;21;7;4;1086;3;39;;;;112;;;112;39;0;112;112;;;;;;;1;;;;12;;;12;1;0;14;17;;;;;;;42;12;3;;;;;;;;;;;;;;;;;;;;;;;;;;;;;;;;;;;;;;;;;;;;;;;;;;;0;0;12;1
2012;Ávila;293;592;352;485;379;745;32;855;58;842;2191;167;148;26;;;;;;;;;;;;;;;;;;;;;;;;;;;;;;;;;;;;;;;;;;;;;;;;;;;;;;;;;;;;;;;;;;;;;;;;;;;;;;;;;;;;;;;;;;;;;;;;;;;;;;;;;;;;;;0;;10;
2011;Ávila;289;574;344;473;367;1448;137;694;255;157;2244;299;120;28;;;;;;;;;;;;;;;;;;;;;;;;;;;;;;;;;;;;;;;;;;;;;;;;;;;;;;;;;;;;;;;;;;;;;;;;;;;;;;;;;;;;;;;;;;;;;;;;;;;;;;;;;;;;;;5;;10;
2011;León;644;1023;663;907;733;1921;205;1503;240;58;3677;186;52;12;;;;;;;;;;;;;;;;;;;;;;;;;;;;;;;;;;;;;;;;;;;;;;;;;;;;;;;;;;;;;;;;;;;;;;;;;;;;;;;;;;;;;;;;;;;;;;;;;;;;;;;;;;;;;;14;;15;
2011;Salamanca;298;625;436;564;441;5933;450;296;316;1422;7749;418;190;60;;;;;;;;;;;;;;;;;;;;;;;;;;;;;;;;;;;;;;;;;;;;;;;;;;;;;;;;;;;;;;;;;;;;;;;;;;;;;;;;;;;;;;;;;;;;;;;;;;;;;;;;;;;;;;2;;15;
2011;Segovia;273;439;355;473;392;755;77;704;231;159;1683;95;147;1;;;;;;;;;;;;;;;;;;;;;;;;;;;;;;;;;;;;;;;;;;;;;;;;;;;;;;;;;;;;;;;;;;;;;;;;;;;;;;;;;;;;;;;;;;;;;;;;;;;;;;;;;;;;;;10;;10;
2010;Burgos;514;857;525;791;622;;;;;;;;;;;;;;;;;;;;;;;;;;;;;;;;;;;;;;;;;;;;;;;;;;;;;;;;;;;;;;;;;;;;;;;;;;;;;;;;;;;;;;;;;;;;;;;;;;;;;;;;;;;;;;;;;;;;;;;2;;;
2010;León;573;904;571;804;649;;;;;;;;;;;;;;;;;;;;;;;;;;;;;;;;;;;;;;;;;;;;;;;;;;;;;;;;;;;;;;;;;;;;;;;;;;;;;;;;;;;;;;;;;;;;;;;;;;;;;;;;;;;;;;;;;;;;;;;12;;;
2009;León;158;320;188;325;243;;;;;;;;;;;;;;;;;;;;;;;;;;;;;;;;;;;;;;;;;;;;;;;;;;;;;;;;;;;;;;;;;;;;;;;;;;;;;;;;;;;;;;;;;;;;;;;;;;;;;;;;;;;;;;;;;;;;;;;14;;;
2009;Segovia;135;168;132;190;140;;;;;;;;;;;;;;;;;;;;;;;;;;;;;;;;;;;;;;;;;;;;;;;;;;;;;;;;;;;;;;;;;;;;;;;;;;;;;;;;;;;;;;;;;;;;;;;;;;;;;;;;;;;;;;;;;;;;;;;16;;;
2009;Soria;19;47;35;41;35;;;;;;;;;;;;;;;;;;;;;;;;;;;;;;;;;;;;;;;;;;;;;;;;;;;;;;;;;;;;;;;;;;;;;;;;;;;;;;;;;;;;;;;;;;;;;;;;;;;;;;;;;;;;;;;;;;;;;;;14;;;
2009;Zamora;97;149;104;126;105;;;;;;;;;;;;;;;;;;;;;;;;;;;;;;;;;;;;;;;;;;;;;;;;;;;;;;;;;;;;;;;;;;;;;;;;;;;;;;;;;;;;;;;;;;;;;;;;;;;;;;;;;;;;;;;;;;;;;;;12;;;
2008;Ávila;21;47;42;67;51;;;;;;;;;;;;;;;;;;;;;;;;;;;;;;;;;;;;;;;;;;;;;;;;;;;;;;;;;;;;;;;;;;;;;;;;;;;;;;;;;;;;;;;;;;;;;;;;;;;;;;;;;;;;;;;;;;;;;;;;;;
2008;Burgos;10;26;24;37;30;;;;;;;;;;;;;;;;;;;;;;;;;;;;;;;;;;;;;;;;;;;;;;;;;;;;;;;;;;;;;;;;;;;;;;;;;;;;;;;;;;;;;;;;;;;;;;;;;;;;;;;;;;;;;;;;;;;;;;;;;;
2008;Palencia;29;34;32;46;27;;;;;;;;;;;;;;;;;;;;;;;;;;;;;;;;;;;;;;;;;;;;;;;;;;;;;;;;;;;;;;;;;;;;;;;;;;;;;;;;;;;;;;;;;;;;;;;;;;;;;;;;;;;;;;;;;;;;;;;;;;
2008;Soria;6;29;25;24;23;;;;;;;;;;;;;;;;;;;;;;;;;;;;;;;;;;;;;;;;;;;;;;;;;;;;;;;;;;;;;;;;;;;;;;;;;;;;;;;;;;;;;;;;;;;;;;;;;;;;;;;;;;;;;;;;;;;;;;;;;;
