FECHA RECOGIDA MUESTRA;EDAR;RESULTADO SARS-COV-2;VARIACIÓN;OBSERVACIONES
2021-11-10;EBAR ARROYO DE LA ENCOMIENDA;POSITIVO;Aumento significativo;Se calcula la variación respecto a la semana previa a la anterior, al no tener cuantificación la inmediatamente anterior.
2021-11-09;EDAR MIRANDA DE EBRO;NEGATIVO;S/D;
2021-11-09;EDAR PONFERRADA;NEGATIVO;S/D;
2021-11-09;COLECTOR SAN ANDRÉS DE RABANEDO;POSITIVO;Aumento;Se considera una evolución en aumento puesto que al menos en las dos últimas muestras se ha obtenido un resultado negativo.
2021-11-09;COLECTOR VILLAQUILAMBRE;NEGATIVO;S/D;
2021-11-09;EDAR ZAMORA;NEGATIVO;S/D;
2021-11-09;EDAR ASTORGA;NEGATIVO;S/D;
2021-11-09;EDAR LA BAÑEZA;NEGATIVO;S/D;
2021-11-09;EBAR LAGUNA DE DUERO;PRESUNTO POSITIVO;Aumento;Se considera una evolución en aumento puesto que al menos en las dos últimas muestras se ha obtenido un resultado negativo.
2021-11-09;COLECTOR LEÓN;POSITIVO;Aumento;Se calcula la variación respecto a la semana previa a la anterior, al no tener cuantificación la inmediatamente anterior.
2021-11-09;EDAR PALENCIA;NEGATIVO;S/D;
2021-11-09;EDAR SALAMANCA;POSITIVO;Estable;Se calcula la variación respecto a la semana previa a la anterior, al no tener cuantificación la inmediatamente anterior.
2021-11-09;EBAR SANTA MARTA DE TORMES;NEGATIVO;S/D;
2021-11-09;EDAR ARANDA DE DUERO;NEGATIVO;S/D;
2021-11-09;EDAR ÁVILA;NEGATIVO;S/D;
2021-11-09;EDAR BENAVENTE;POSITIVO;Aumento;Se considera una evolución en aumento puesto que al menos en las dos últimas semanas se ha obtenido un resultado negativo.
2021-11-09;EDAR BURGOS;POSITIVO;Aumento;
2021-11-09;EDAR MEDINA DEL CAMPO;NEGATIVO;S/D;
2021-11-09;EDAR BÉJAR;NEGATIVO;S/D;
2021-11-09;EDAR CIUDAD RODRIGO;PRESUNTO POSITIVO;Disminución;Se calcula la variación respecto a la semana previa a la anterior, al no tener cuantificación la inmediatamente anterior.
2021-11-03;EBAR ARROYO DE LA ENCOMIENDA;NEGATIVO;S/D;
2021-11-03;EDAR SEGOVIA (VATAR);POSITIVO;S/D;Hubo precipitaciones el mismo día (0,4 mm) y el día anterior (9,4 mm) del muestreo, pudiendo haber diluido la muestra, disminuyendo la cuantificación de SARS-CoV-2.
2021-11-02;EDAR MIRANDA DE EBRO;NEGATIVO;S/D;
2021-11-02;EDAR PALENCIA;POSITIVO;Estable;
2021-11-02;EDAR ZAMORA;NEGATIVO;S/D;
2021-11-02;EDAR ARANDA DE DUERO;NEGATIVO;S/D;
2021-11-02;EDAR BÉJAR;POSITIVO;Aumento significativo;
2021-11-02;EDAR CIUDAD RODRIGO;NEGATIVO;S/D;
2021-11-02;EBAR LAGUNA DE DUERO;NEGATIVO;S/D;
2021-11-02;COLECTOR LEÓN;NEGATIVO;S/D;
2021-11-02;EBAR SANTA MARTA DE TORMES;NEGATIVO;S/D;
2021-11-02;COLECTOR VILLAQUILAMBRE;NEGATIVO;S/D;
2021-11-02;EDAR ASTORGA;NEGATIVO;S/D;
2021-11-02;EDAR BENAVENTE;NEGATIVO;S/D;
2021-11-02;EDAR MEDINA DEL CAMPO;POSITIVO;Aumento;
2021-11-02;EDAR PONFERRADA;NEGATIVO;S/D;
2021-11-02;EDAR SALAMANCA;NEGATIVO;S/D;
2021-11-02;COLECTOR SAN ANDRÉS DE RABANEDO;NEGATIVO;S/D;
2021-11-02;EDAR SORIA (VATAR);POSITIVO;Estable;Hubo precipitaciones el día anterior (6 mm) del muestreo, pudiendo haber diluido la muestra, disminuyendo la cuantificación de SARS-CoV-2.
2021-11-02;EDAR ÁVILA;NEGATIVO;S/D;
2021-11-02;EDAR BURGOS;PRESUNTO POSITIVO;Estable;
2021-11-02;EDAR LA BAÑEZA;NEGATIVO;S/D;
2021-10-31;EDAR VALLADOLID (VATAR);POSITIVO;Aumento;Hubo precipitaciones el mismo día (5,4 mm) y el día anterior (4 mm) del muestreo, pudiendo haber diluido la muestra, disminuyendo la cuantificación de SARS-CoV-2.
2021-10-27;EDAR SEGOVIA (VATAR);POSITIVO;Estable;
2021-10-27;EBAR ARROYO DE LA ENCOMIENDA;POSITIVO;Aumento;Se considera una evolución en aumento puesto que al menos en las dos últimas semanas se ha obtenido un resultado negativo.
2021-10-26;EDAR PONFERRADA;NEGATIVO;S/D;
2021-10-26;COLECTOR SAN ANDRÉS DE RABANEDO;NEGATIVO;S/D;
2021-10-26;EDAR SORIA (VATAR);POSITIVO;Estable;
2021-10-26;EDAR BÉJAR;PRESUNTO POSITIVO;Aumento;Se considera una evolución en aumento puesto que al menos en las dos últimas semanas se ha obtenido un resultado negativo.
2021-10-26;EDAR BURGOS;NEGATIVO;S/D;
2021-10-26;EDAR LA BAÑEZA;POSITIVO;Estable;Se calcula la variación respecto a la semana previa a la anterior, al no tener cuantificación la inmediatamente anterior.
2021-10-26;EDAR MIRANDA DE EBRO;NEGATIVO;S/D;
2021-10-26;EBAR SANTA MARTA DE TORMES;NEGATIVO;S/D;
2021-10-26;EDAR ZAMORA;NEGATIVO;S/D;
2021-10-26;EDAR ARANDA DE DUERO;POSITIVO;Aumento;Se calcula la variación respecto a la semana previa a la anterior, al no tener cuantificación la inmediatamente anterior.
2021-10-26;EDAR ÁVILA;NEGATIVO;S/D;
2021-10-26;EDAR CIUDAD RODRIGO;POSITIVO;Disminución;Se calcula la variación respecto a la semana previa a la anterior, al no tener cuantificación la inmediatamente anterior.
2021-10-26;EBAR LAGUNA DE DUERO;NEGATIVO;S/D;
2021-10-26;COLECTOR LEÓN;POSITIVO;Disminución;
2021-10-26;EDAR MEDINA DEL CAMPO;POSITIVO;Aumento;
2021-10-26;EDAR PALENCIA;POSITIVO;Aumento;Se considera una evolución en aumento puesto que al menos en las dos últimas muestras se ha obtenido un resultado negativo.
2021-10-26;EDAR SALAMANCA;POSITIVO;Estable;
2021-10-26;COLECTOR VILLAQUILAMBRE;NEGATIVO;S/D;
2021-10-26;EDAR ASTORGA;NEGATIVO;S/D;
2021-10-26;EDAR BENAVENTE;NEGATIVO;S/D;
2021-10-24;EDAR VALLADOLID (VATAR);POSITIVO;Estable;
2021-10-20;EBAR ARROYO DE LA ENCOMIENDA;NEGATIVO;S/D;
2021-10-20;EDAR SEGOVIA (VATAR);POSITIVO;Estable;Disparidad significativa en la variación entre las distintas dianas analizadas. Por ello, hay que tomarse este resultado de variación con cautela hasta que pueda confirmarse la tendencia en la semana siguiente.
2021-10-19;COLECTOR LEÓN;POSITIVO;Estable;Se calcula la variación respecto a la semana previa a la anterior, al no tener cuantificación la inmediatamente anterior.
2021-10-19;EDAR PALENCIA;NEGATIVO;S/D;
2021-10-19;EBAR SANTA MARTA DE TORMES;NEGATIVO;S/D;
2021-10-19;EDAR ARANDA DE DUERO;NEGATIVO;S/D;
2021-10-19;EDAR ASTORGA;NEGATIVO;S/D;
2021-10-19;EDAR ÁVILA;NEGATIVO;S/D;
2021-10-19;EDAR MEDINA DEL CAMPO;POSITIVO;Aumento;Se considera una evolución en aumento puesto que al menos en las dos últimas muestras se ha obtenido un resultado negativo.
2021-10-19;COLECTOR SAN ANDRÉS DE RABANEDO;NEGATIVO;S/D;
2021-10-19;EDAR ZAMORA;NEGATIVO;S/D;
2021-10-19;EDAR SORIA (VATAR);POSITIVO;Aumento significativo;
2021-10-19;EDAR CIUDAD RODRIGO;NEGATIVO;S/D;
2021-10-19;EDAR LA BAÑEZA;NEGATIVO;S/D;
2021-10-19;EBAR LAGUNA DE DUERO;NEGATIVO;S/D;
2021-10-19;EDAR MIRANDA DE EBRO;NEGATIVO;S/D;
2021-10-19;EDAR PONFERRADA;NEGATIVO;S/D;
2021-10-19;EDAR SALAMANCA;POSITIVO;Estable;
2021-10-19;COLECTOR VILLAQUILAMBRE;NEGATIVO;S/D;
2021-10-19;EDAR BÉJAR;NEGATIVO;S/D;
2021-10-19;EDAR BENAVENTE;NEGATIVO;S/D;
2021-10-19;EDAR BURGOS;PRESUNTO POSITIVO;Aumento;Se considera una evolución en aumento puesto que al menos en las dos últimas muestras se ha obtenido un resultado negativo.
2021-10-17;EDAR VALLADOLID (VATAR);POSITIVO;Estable;Hubo precipitaciones el mismo día (3,6 mm) y el día anterior (1,6 mm) del muestreo, pudiendo haber diluido la muestra, disminuyendo la cuantificación de SARS-CoV-2.
2021-10-13;EDAR MIRANDA DE EBRO;NEGATIVO;S/D;
2021-10-13;EDAR PALENCIA;NEGATIVO;S/D;
2021-10-13;EDAR ARANDA DE DUERO;POSITIVO;Aumento;Se considera una evolución en aumento puesto que al menos en las dos últimas semanas se ha obtenido un resultado negativo.
2021-10-13;EDAR ASTORGA;NEGATIVO;S/D;
2021-10-13;EDAR ÁVILA;NEGATIVO;S/D;
2021-10-13;EDAR BÉJAR;NEGATIVO;S/D;
2021-10-13;EDAR BENAVENTE;NEGATIVO;S/D;
2021-10-13;COLECTOR LEÓN;NEGATIVO;S/D;
2021-10-13;EDAR MEDINA DEL CAMPO;NEGATIVO;S/D;
2021-10-13;COLECTOR SAN ANDRÉS DE RABANEDO;NEGATIVO;S/D;
2021-10-13;EDAR ZAMORA;NEGATIVO;S/D;
2021-10-13;EDAR CIUDAD RODRIGO;POSITIVO;Aumento;Se considera una evolución en aumento puesto que al menos en las dos últimas muestras se ha obtenido un resultado negativo.
2021-10-13;EBAR LAGUNA DE DUERO;NEGATIVO;S/D;
2021-10-13;EDAR PONFERRADA;NEGATIVO;S/D;
2021-10-13;EDAR SALAMANCA;POSITIVO;Aumento;Se considera una evolución en aumento puesto que al menos en las dos últimas muestras se ha obtenido un resultado negativo.
2021-10-13;EBAR SANTA MARTA DE TORMES;NEGATIVO;S/D;
2021-10-13;COLECTOR VILLAQUILAMBRE;NEGATIVO;S/D;
2021-10-13;EDAR SEGOVIA (VATAR);POSITIVO;Estable;
2021-10-13;EBAR ARROYO DE LA ENCOMIENDA;NEGATIVO;S/D;
2021-10-13;EDAR BURGOS;NEGATIVO;S/D;
2021-10-13;EDAR LA BAÑEZA;POSITIVO;Aumento;Se considera una evolución en aumento puesto que al menos en las dos últimas muestras se ha obtenido un resultado negativo.
2021-10-12;EDAR SORIA (VATAR);POSITIVO;Disminución significativa;Destacar que esta semana se produjo el muestreo durante un día festivo, lo que pudo modificar los patrones de la población respecto a otras semanas. Esto hace que se tengan que tomar los resultados con cautela.
2021-10-10;EDAR VALLADOLID (VATAR);POSITIVO;Estable;
2021-10-06;COLECTOR LEÓN;POSITIVO;Aumento;Se considera una evolución en aumento puesto que al menos en las dos últimas muestras se ha obtenido un resultado negativo.
2021-10-06;COLECTOR SAN ANDRÉS DE RABANEDO;NEGATIVO;S/D;
2021-10-06;EDAR SEGOVIA (VATAR);NEGATIVO;S/D;Hubo precipitaciones el día anterior (0,8 mm) del muestreo, pudiendo haber diluido la muestra, disminuyendo la cuantificación de SARS-CoV-2.
2021-10-06;COLECTOR VILLAQUILAMBRE;NEGATIVO;S/D;
2021-10-06;EBAR ARROYO DE LA ENCOMIENDA;PRESUNTO POSITIVO;Disminución significativa;
2021-10-05;EBAR LAGUNA DE DUERO;NEGATIVO;S/D;
2021-10-05;EDAR PALENCIA;NEGATIVO;S/D;
2021-10-05;EDAR SALAMANCA;NEGATIVO;S/D;
2021-10-05;EBAR SANTA MARTA DE TORMES;NEGATIVO;S/D;
2021-10-05;EDAR SORIA (VATAR);POSITIVO;Estable;
2021-10-05;EDAR ARANDA DE DUERO;NEGATIVO;S/D;
2021-10-05;EDAR MEDINA DEL CAMPO;NEGATIVO;S/D;
2021-10-05;EDAR ZAMORA;NEGATIVO;S/D;
2021-10-05;EDAR ÁVILA;NEGATIVO;S/D;
2021-10-05;EDAR BENAVENTE;NEGATIVO;S/D;
2021-10-05;EDAR LA BAÑEZA;NEGATIVO;S/D;
2021-10-05;EDAR MIRANDA DE EBRO;NEGATIVO;S/D;
2021-10-05;EDAR PONFERRADA;NEGATIVO;S/D;
2021-10-05;EDAR ASTORGA;NEGATIVO;S/D;
2021-10-05;EDAR BÉJAR;NEGATIVO;S/D;
2021-10-05;EDAR BURGOS;NEGATIVO;S/D;
2021-10-05;EDAR CIUDAD RODRIGO;NEGATIVO;S/D;
2021-10-03;EDAR VALLADOLID (VATAR);POSITIVO;Estable;Hubo precipitaciones el mismo día (4,8 mm) del muestreo, pudiendo haber diluido la muestra, disminuyendo la cuantificación de SARS-CoV-2.
2021-09-29;EDAR SEGOVIA (VATAR);POSITIVO;Estable;"Se calcula cuantitativamente cuando hay detección para la diana en cuestión ambas semanas, independientemente de que el valor se encuentre por debajo del límite de cuantificación. La variación cualitativa se obtiene en base a los siguientes intervalos: <-1 unidades logarítmicas de diferencia “Disminución significativa”; -1 a -0,4 “Disminución”; -0,4 a 0,4 “Estable""; 0,4 a 1 “Aumento”; >1 “Aumento significativo”."
2021-09-29;EBAR ARROYO DE LA ENCOMIENDA;POSITIVO;Aumento significativo;Se calcula la variación respecto a la semana previa a la anterior, al no tener cuantificación la inmediatamente anterior.
2021-09-28;EDAR MEDINA DEL CAMPO;NEGATIVO;S/D;
2021-09-28;EDAR CIUDAD RODRIGO;NEGATIVO;S/D;
2021-09-28;COLECTOR LEÓN;NEGATIVO;S/D;
2021-09-28;EDAR MIRANDA DE EBRO;NEGATIVO;S/D;
2021-09-28;EDAR PONFERRADA;NEGATIVO;S/D;
2021-09-28;COLECTOR SAN ANDRÉS DE RABANEDO;NEGATIVO;S/D;
2021-09-28;EDAR ZAMORA;NEGATIVO;S/D;
2021-09-28;EDAR BÉJAR;NEGATIVO;S/D;
2021-09-28;EDAR BENAVENTE;NEGATIVO;S/D;
2021-09-28;EDAR BURGOS;NEGATIVO;S/D;
2021-09-28;EDAR LA BAÑEZA;NEGATIVO;S/D;
2021-09-28;EBAR LAGUNA DE DUERO;NEGATIVO;S/D;
2021-09-28;EDAR PALENCIA;NEGATIVO;S/D;
2021-09-28;EDAR SALAMANCA;NEGATIVO;S/D;
2021-09-28;EBAR SANTA MARTA DE TORMES;NEGATIVO;S/D;
2021-09-28;COLECTOR VILLAQUILAMBRE;NEGATIVO;S/D;
2021-09-28;EDAR SORIA (VATAR);POSITIVO;Aumento;
2021-09-28;EDAR ARANDA DE DUERO;NEGATIVO;S/D;
2021-09-28;EDAR ASTORGA;NEGATIVO;S/D;
2021-09-28;EDAR ÁVILA;NEGATIVO;S/D;
2021-09-26;EDAR VALLADOLID (VATAR);POSITIVO;Estable;Hubo precipitaciones el día anterior (5,2 mm) del muestreo, pudiendo haber diluido la muestra, disminuyendo la cuantificación de SARS-CoV-2.
2021-09-22;EBAR ARROYO DE LA ENCOMIENDA;NEGATIVO;S/D;
2021-09-22;EDAR SEGOVIA (VATAR);POSITIVO;Estable;
2021-09-21;EBAR LAGUNA DE DUERO;NEGATIVO;S/D;
2021-09-21;EDAR SALAMANCA;NEGATIVO;S/D;
2021-09-21;EDAR ZAMORA;NEGATIVO;S/D;
2021-09-21;EDAR ÁVILA;NEGATIVO;S/D;
2021-09-21;EDAR BENAVENTE;NEGATIVO;S/D;
2021-09-21;EDAR BURGOS;POSITIVO;Estable;Se calcula la variación respecto a la semana previa a la anterior, al no tener cuantificación la inmediatamente anterior.
2021-09-21;EDAR CIUDAD RODRIGO;NEGATIVO;S/D;
2021-09-21;EDAR SORIA (VATAR);POSITIVO;Estable;
2021-09-21;EDAR ASTORGA;NEGATIVO;S/D;
2021-09-21;COLECTOR LEÓN;NEGATIVO;S/D;
2021-09-21;EDAR MEDINA DEL CAMPO;NEGATIVO;S/D;
2021-09-21;EDAR MIRANDA DE EBRO;NEGATIVO;S/D;
2021-09-21;EDAR PALENCIA;NEGATIVO;S/D;
2021-09-21;EDAR PONFERRADA;NEGATIVO;S/D;
2021-09-21;COLECTOR SAN ANDRÉS DE RABANEDO;NEGATIVO;S/D;
2021-09-21;EBAR SANTA MARTA DE TORMES;NEGATIVO;S/D;
2021-09-21;COLECTOR VILLAQUILAMBRE;PRESUNTO POSITIVO;Aumento;Se considera una evolución en aumento puesto que al menos en las dos últimas muestras se ha obtenido un resultado negativo.
2021-09-21;EDAR ARANDA DE DUERO;NEGATIVO;S/D;
2021-09-21;EDAR BÉJAR;NEGATIVO;S/D;
2021-09-21;EDAR LA BAÑEZA;NEGATIVO;S/D;
2021-09-19;EDAR VALLADOLID (VATAR);POSITIVO;Estable;
2021-09-15;EDAR SEGOVIA (VATAR);POSITIVO;Estable;Hubo precipitaciones el mismo día (2,2 mm) y el día anterior (6,6 mm) del muestreo, pudiendo haber diluido la muestra, disminuyendo la cuantificación de SARS-CoV-2.
2021-09-15;EDAR ARANDA DE DUERO;NEGATIVO;S/D;Las precipitaciones recogidas entre el día anterior y el día de la toma de muestra han podido contribuir a una mayor dilución de la misma (2,01mm).
2021-09-15;EBAR ARROYO DE LA ENCOMIENDA;PRESUNTO POSITIVO;Disminución significativa;Se calcula la variación respecto a la semana previa a la anterior, al no tener cuantificación la inmediatamente anterior. Las precipitaciones recogidas principalmente el día anterior al de toma de muestra (28,4mm) han podido contribuir a una mayor dilución de ésta.
2021-09-14;EDAR MIRANDA DE EBRO;NEGATIVO;S/D;Las precipitaciones recogidas entre el día anterior y el día de toma de muestra (4,2mm) han podido contribuir a una mayor dilución de la muestra.
2021-09-14;EDAR PALENCIA;POSITIVO;Estable;La muestra puede encontrarse diluida debido a las precipitaciones acumuladas recogidas entre el día anterior y el día de toma de muestra (26,36mm).
2021-09-14;EDAR SALAMANCA;NEGATIVO;S/D;La muestra se encuentra fuertemente diluida debido a las precipitaciones recogidas entre el día anterior y el día de toma de muestra (30,64mm).
2021-09-14;EDAR ZAMORA;NEGATIVO;S/D;La muestra se encuentra bastante diluida debido a las precipitaciones acumuladas entre el día anterior y el día de toma de muestra (41,58mm).
2021-09-14;EDAR SORIA (VATAR);POSITIVO;Disminución;Hubo precipitaciones el mismo día (0,2 mm) y el día anterior (1,4 mm) del muestreo, pudiendo haber diluido la muestra, disminuyendo la cuantificación de SARS-CoV-2.
2021-09-14;EDAR ÁVILA;NEGATIVO;S/D;La muestra se encuentra bastante diluida debido a las precipitaciones acumuladas entre el día anterior y el día de la toma de muestra (8,1mm).
2021-09-14;EDAR BÉJAR;NEGATIVO;S/D;La muestra se encuentra diluida debido a las precipitaciones acumuladas entre el día anterior y el día de la toma de muestra (20,1mm).
2021-09-14;EDAR BENAVENTE;NEGATIVO;S/D;La muestra se encuentra bastante diluida debido a las precipitaciones acumuladas entre el día anterior y el día de la toma de muestra (37,92mm).
2021-09-14;EDAR CIUDAD RODRIGO;NEGATIVO;S/D;La muestra se encuentra fuertemente diluida debido a las precipitaciones acumuladas entre el día anterior y el día de toma de muestra (54,60mm).
2021-09-14;EBAR LAGUNA DE DUERO;NEGATIVO;S/D;La muestra se encuentra fuertemente diluida debido a las precipitaciones acumuladas entre el día anterior y el día de toma de muestra (28,8mm).
2021-09-14;COLECTOR LEÓN;POSITIVO;Estable;Se debe tener en cuenta que las precipitaciones recogidas entre el día anterior y el día de toma de muestra han sido de 27,3mm lo que puede haber contribuido a una mayor dilución de la muestra.
2021-09-14;EDAR PONFERRADA;NEGATIVO;S/D;La muestra se encuentra bastante diluida debido a las precipitaciones acumuladas entre el día anterior y el día de toma de muestra (20,90mm).
2021-09-14;EBAR SANTA MARTA DE TORMES;NEGATIVO;S/D;La muestra se encuentra fuertemente diluida debido a las precipitaciones acumuladas entre el día anterior y el día de recogida de la muestra (30,64mm).
2021-09-14;COLECTOR VILLAQUILAMBRE;NEGATIVO;S/D;La muestra se encuentra fuertemente diluida debido a las precipitaciones acumuladas entre el día anterior y el día de toma de muestra (27,3mm)
2021-09-14;EDAR ASTORGA;NEGATIVO;S/D;La muestra se encuentra bastante diluida debido a las precipitaciones acumuladas entre el día anterior y el día de la toma de muestra (21,71mm).
2021-09-14;EDAR LA BAÑEZA;POSITIVO;Disminución;La muestra se encuentra bastante diluida debido a las precipitaciones acumuladas entre el día anterior y el día de toma de muestra (21,31mm).
2021-09-14;EDAR MEDINA DEL CAMPO;NEGATIVO;S/D;La muestra se encuentra bastante diluida debido a las precipitaciones acumuladas entre el día anterior y el día de toma de muestra (13,33mm).
2021-09-14;COLECTOR SAN ANDRÉS DE RABANEDO;NEGATIVO;S/D;La muestra se encuentra bastante diluida debido a las precipitaciones acumuladas entre el día anterior y el día de toma de muestra (27,3mm).
2021-09-14;EDAR BURGOS;NEGATIVO;S/D;La muestra se encuentra bastante diluida debido a las precipitaciones acumuladas entre el día anterior y el día de la toma de muestra (21,51mm).
2021-09-12;EDAR VALLADOLID (VATAR);POSITIVO;Disminución;
2021-09-08;EDAR SEGOVIA (VATAR);POSITIVO;Estable;
2021-09-07;EDAR MEDINA DEL CAMPO;POSITIVO;Estable;
2021-09-07;COLECTOR SAN ANDRÉS DE RABANEDO;NEGATIVO;S/D;
2021-09-07;EDAR SORIA (VATAR);POSITIVO;Estable;
2021-09-07;EBAR ARROYO DE LA ENCOMIENDA;NEGATIVO;S/D;
2021-09-07;EDAR BÉJAR;NEGATIVO;S/D;
2021-09-07;EDAR PALENCIA;POSITIVO;Aumento;Se considera una evolución en aumento puesto que al menos en las dos últimas muestras se ha obtenido un resultado negativo.
2021-09-07;EBAR SANTA MARTA DE TORMES;NEGATIVO;S/D;
2021-09-07;COLECTOR VILLAQUILAMBRE;NEGATIVO;S/D;
2021-09-07;EDAR ZAMORA;NEGATIVO;S/D;
2021-09-07;EDAR ASTORGA;NEGATIVO;S/D;
2021-09-07;EDAR ÁVILA;NEGATIVO;S/D;
2021-09-07;EDAR BENAVENTE;NEGATIVO;S/D;
2021-09-07;COLECTOR LEÓN;POSITIVO;Disminución significativa;
2021-09-07;EDAR MIRANDA DE EBRO;NEGATIVO;S/D;
2021-09-07;EDAR PONFERRADA;NEGATIVO;S/D;
2021-09-07;EDAR SALAMANCA;POSITIVO;Estable;
2021-09-07;EDAR ARANDA DE DUERO;NEGATIVO;S/D;
2021-09-07;EDAR BURGOS;POSITIVO;Aumento;
2021-09-07;EDAR CIUDAD RODRIGO;POSITIVO;Aumento significativo;
2021-09-07;EDAR LA BAÑEZA;POSITIVO;Disminución;
2021-09-07;EBAR LAGUNA DE DUERO;NEGATIVO;S/D;
2021-09-05;EDAR VALLADOLID (VATAR);POSITIVO;Estable;
2021-09-01;EDAR SEGOVIA (VATAR);POSITIVO;Estable;Hubo precipitaciones el mismo día (4,6 mm) del muestreo, pudiendo haber diluido la muestra, disminuyendo la cuantificación de SARS-CoV-2.
2021-08-31;COLECTOR LEÓN;POSITIVO;Estable;Se calcula la variación respecto a la semana previa a la anterior, al no tener cuantificación la inmediatamente anterior.
2021-08-31;EDAR MIRANDA DE EBRO;NEGATIVO;S/D;
2021-08-31;EDAR SALAMANCA;POSITIVO;Estable;Se calcula la variación respecto a la semana previa a la anterior, al no tener cuantificación la inmediatamente anterior.
2021-08-31;EDAR CIUDAD RODRIGO;POSITIVO;Disminución significativa;
2021-08-31;EDAR LA BAÑEZA;POSITIVO;Estable;
2021-08-31;EDAR MEDINA DEL CAMPO;POSITIVO;Disminución;
2021-08-31;EDAR PALENCIA;NEGATIVO;S/D;
2021-08-31;COLECTOR SAN ANDRÉS DE RABANEDO;NEGATIVO;S/D;
2021-08-31;COLECTOR VILLAQUILAMBRE;NEGATIVO;S/D;
2021-08-31;EDAR ZAMORA;NEGATIVO;S/D;
2021-08-31;EDAR SORIA (VATAR);POSITIVO;Aumento;Hubo precipitaciones el día anterior (6 mm) del muestreo, pudiendo haber diluido la muestra, disminuyendo la cuantificación de SARS-CoV-2.
2021-08-31;EBAR ARROYO DE LA ENCOMIENDA;POSITIVO;Estable;
2021-08-31;EDAR ASTORGA;NEGATIVO;S/D;
2021-08-31;EDAR BÉJAR;POSITIVO;Estable;
2021-08-31;EDAR PONFERRADA;NEGATIVO;S/D;
2021-08-31;EDAR ARANDA DE DUERO;NEGATIVO;S/D;
2021-08-31;EDAR ÁVILA;NEGATIVO;S/D;
2021-08-31;EDAR BENAVENTE;POSITIVO;Estable;Se calcula la variación respecto a la semana previa a la anterior, al no tener cuantificación la inmediatamente anterior.
2021-08-31;EDAR BURGOS;POSITIVO;Disminución;
2021-08-31;EBAR LAGUNA DE DUERO;NEGATIVO;S/D;
2021-08-29;EDAR VALLADOLID (VATAR);POSITIVO;Disminución;
2021-08-25;EDAR SEGOVIA (VATAR);POSITIVO;Estable;
2021-08-24;EDAR SALAMANCA;NEGATIVO;S/D;
2021-08-24;EDAR ZAMORA;NEGATIVO;S/D;
2021-08-24;EDAR MEDINA DEL CAMPO;POSITIVO;Estable;
2021-08-24;EDAR MIRANDA DE EBRO;NEGATIVO;S/D;
2021-08-24;EDAR PALENCIA;NEGATIVO;S/D;
2021-08-24;COLECTOR VILLAQUILAMBRE;NEGATIVO;S/D;
2021-08-24;EBAR ARROYO DE LA ENCOMIENDA;POSITIVO;Aumento significativo;
2021-08-24;EDAR ÁVILA;NEGATIVO;S/D;
2021-08-24;EDAR LA BAÑEZA;POSITIVO;Aumento;
2021-08-24;COLECTOR LEÓN;NEGATIVO;S/D;
2021-08-24;EDAR PONFERRADA;NEGATIVO;S/D;
2021-08-24;COLECTOR SAN ANDRÉS DE RABANEDO;POSITIVO;Estable;Se calcula la variación respecto a la semana previa a la anterior, al no tener cuantificación la inmediatamente anterior.
2021-08-24;EBAR SANTA MARTA DE TORMES;NEGATIVO;S/D;
2021-08-24;EDAR SORIA (VATAR);POSITIVO;Estable;
2021-08-24;EDAR ARANDA DE DUERO;POSITIVO;Aumento;Se considera una evolución en aumento puesto que al menos en las dos últimas semanas se ha obtenido un resultado negativo.
2021-08-24;EDAR ASTORGA;POSITIVO;Aumento;Se considera una evolución en aumento puesto que al menos en las dos últimas semanas se ha obtenido un resultado negativo.
2021-08-24;EDAR BÉJAR;POSITIVO;Estable;
2021-08-24;EDAR BENAVENTE;NEGATIVO;S/D;
2021-08-24;EDAR BURGOS;POSITIVO;Disminución;Se calcula la variación respecto a la semana previa a la anterior, al no tener cuantificación la inmediatamente anterior.
2021-08-24;EDAR CIUDAD RODRIGO;POSITIVO;Estable;
2021-08-24;EBAR LAGUNA DE DUERO;NEGATIVO;S/D;
2021-08-22;EDAR VALLADOLID (VATAR);POSITIVO;Estable;
2021-08-18;EDAR SEGOVIA (VATAR);POSITIVO;Disminución;
2021-08-17;EDAR SALAMANCA;POSITIVO;Disminución;Se calcula la variación respecto a la semana previa a la anterior, al no tener cuantificación la inmediatamente anterior.
2021-08-17;EDAR ZAMORA;POSITIVO;Disminución significativa;
2021-08-17;EDAR ÁVILA;NEGATIVO;S/D;
2021-08-17;EDAR BENAVENTE;POSITIVO;Disminución significativa;
2021-08-17;EDAR LA BAÑEZA;POSITIVO;Disminución significativa;
2021-08-17;COLECTOR LEÓN;POSITIVO;Disminución;
2021-08-17;EDAR MIRANDA DE EBRO;NEGATIVO;S/D;
2021-08-17;EDAR PONFERRADA;NEGATIVO;S/D;
2021-08-17;EBAR SANTA MARTA DE TORMES;NEGATIVO;S/D;
2021-08-17;COLECTOR VILLAQUILAMBRE;NEGATIVO;S/D;
2021-08-17;EDAR SORIA (VATAR);POSITIVO;Disminución;
2021-08-17;EDAR ARANDA DE DUERO;NEGATIVO;S/D;
2021-08-17;EBAR ARROYO DE LA ENCOMIENDA;POSITIVO;Disminución;
2021-08-17;EDAR ASTORGA;NEGATIVO;S/D;
2021-08-17;EDAR BÉJAR;POSITIVO;Disminución;
2021-08-17;EDAR CIUDAD RODRIGO;POSITIVO;Aumento;
2021-08-17;EBAR LAGUNA DE DUERO;NEGATIVO;S/D;
2021-08-17;EDAR MEDINA DEL CAMPO;POSITIVO;Aumento;Se calcula la variación respecto a la semana previa a la anterior, al no tener cuantificación la inmediatamente anterior.
2021-08-17;EDAR PALENCIA;POSITIVO;Estable;
2021-08-17;COLECTOR SAN ANDRÉS DE RABANEDO;NEGATIVO;S/D;
2021-08-17;EDAR BURGOS;NEGATIVO;S/D;
2021-08-15;EDAR VALLADOLID (VATAR);POSITIVO;Estable;
2021-08-11;EDAR SEGOVIA (VATAR);POSITIVO;Estable;
2021-08-10;EDAR PALENCIA;POSITIVO;Estable;
2021-08-10;EDAR SALAMANCA;NEGATIVO;S/D;
2021-08-10;EBAR SANTA MARTA DE TORMES;NEGATIVO;S/D;
2021-08-10;EDAR ZAMORA;POSITIVO;Aumento;Se considera una evolución en aumento puesto que al menos en las dos últimas muestras se ha obtenido un resultado negativo.
2021-08-10;EDAR ÁVILA;POSITIVO;Estable;Se calcula la variación respecto a la semana previa a la anterior, al no tener cuantificación la inmediatamente anterior.
2021-08-10;EDAR BENAVENTE;POSITIVO;Aumento;
2021-08-10;EBAR LAGUNA DE DUERO;NEGATIVO;S/D;
2021-08-10;COLECTOR LEÓN;POSITIVO;Estable;
2021-08-10;EDAR MEDINA DEL CAMPO;NEGATIVO;S/D;
2021-08-10;COLECTOR SAN ANDRÉS DE RABANEDO;POSITIVO;Aumento;Se considera una evolución en aumento puesto que al menos en las dos últimas muestras se ha obtenido un resultado negativo.
2021-08-10;EBAR ARROYO DE LA ENCOMIENDA;POSITIVO;Estable;
2021-08-10;EDAR BURGOS;POSITIVO;Estable;
2021-08-10;EDAR MIRANDA DE EBRO;NEGATIVO;S/D;
2021-08-10;EDAR PONFERRADA;NEGATIVO;S/D;
2021-08-10;COLECTOR VILLAQUILAMBRE;NEGATIVO;S/D;
2021-08-10;EDAR SORIA (VATAR);POSITIVO;Estable;
2021-08-10;EDAR ARANDA DE DUERO;NEGATIVO;S/D;
2021-08-10;EDAR ASTORGA;NEGATIVO;S/D;
2021-08-10;EDAR BÉJAR;POSITIVO;Estable;
2021-08-10;EDAR CIUDAD RODRIGO;POSITIVO;Estable;
2021-08-10;EDAR LA BAÑEZA;POSITIVO;Estable;
2021-08-08;EDAR VALLADOLID (VATAR);POSITIVO;Disminución;
2021-08-04;EDAR SEGOVIA (VATAR);POSITIVO;Estable;
2021-08-03;COLECTOR LEÓN;NEGATIVO;S/D;
2021-08-03;EDAR MIRANDA DE EBRO;POSITIVO;Aumento significativo;
2021-08-03;EDAR PONFERRADA;NEGATIVO;S/D;
2021-08-03;EDAR SALAMANCA;POSITIVO;Estable;
2021-08-03;COLECTOR SAN ANDRÉS DE RABANEDO;NEGATIVO;S/D;
2021-08-03;EDAR ZAMORA;NEGATIVO;S/D;
2021-08-03;EDAR ARANDA DE DUERO;NEGATIVO;S/D;
2021-08-03;EDAR BÉJAR;POSITIVO;Disminución;
2021-08-03;EDAR BENAVENTE;POSITIVO;Estable;
2021-08-03;EDAR BURGOS;POSITIVO;Disminución significativa;
2021-08-03;EDAR CIUDAD RODRIGO;POSITIVO;Disminución;
2021-08-03;EDAR LA BAÑEZA;POSITIVO;Estable;
2021-08-03;EBAR LAGUNA DE DUERO;POSITIVO;Aumento;Se considera una evolución en aumento puesto que al menos en las dos últimas muestras se ha obtenido un resultado negativo.
2021-08-03;EDAR MEDINA DEL CAMPO;POSITIVO;Estable;
2021-08-03;EDAR PALENCIA;POSITIVO;Disminución significativa;
2021-08-03;COLECTOR VILLAQUILAMBRE;POSITIVO;Estable;
2021-08-03;EDAR SORIA (VATAR);POSITIVO;Estable;
2021-08-03;EBAR ARROYO DE LA ENCOMIENDA;NEGATIVO;S/D;
2021-08-03;EBAR SANTA MARTA DE TORMES;NEGATIVO;S/D;
2021-08-03;EDAR ASTORGA;NEGATIVO;S/D;
2021-08-03;EDAR ÁVILA;NEGATIVO;S/D;
2021-08-01;EDAR VALLADOLID (VATAR);POSITIVO;Estable;
2021-07-28;EDAR SEGOVIA (VATAR);POSITIVO;Estable;
2021-07-27;COLECTOR LEÓN;POSITIVO;Estable;
2021-07-27;EDAR MIRANDA DE EBRO;POSITIVO;Aumento significativo;
2021-07-27;EDAR PONFERRADA;NEGATIVO;S/D;
2021-07-27;COLECTOR SAN ANDRÉS DE RABANEDO;NEGATIVO;S/D;
2021-07-27;EDAR ASTORGA;NEGATIVO;S/D;
2021-07-27;EDAR CIUDAD RODRIGO;POSITIVO;Disminución;
2021-07-27;EDAR MEDINA DEL CAMPO;POSITIVO;Disminución significativa;
2021-07-27;EDAR PALENCIA;POSITIVO;Aumento;
2021-07-27;EBAR SANTA MARTA DE TORMES;NEGATIVO;S/D;
2021-07-27;COLECTOR VILLAQUILAMBRE;POSITIVO;Aumento;Se calcula la variación respecto a la semana previa a la anterior, al no tener cuantificación la inmediatamente anterior.
2021-07-27;EDAR SORIA (VATAR);POSITIVO;Estable;Hubo precipitaciones el día anterior (3mm) del muestreo, pudiendo haber diluido la muestra, disminuyendo la cuantificación de SARS-CoV-2.
2021-07-27;EDAR ÁVILA;POSITIVO;Aumento;Se considera una evolución en aumento puesto que al menos en las dos últimas semanas se ha obtenido un resultado negativo.
2021-07-27;EDAR BÉJAR;POSITIVO;Aumento significativo;
2021-07-27;EDAR SALAMANCA;POSITIVO;Aumento;
2021-07-27;EDAR ZAMORA;NEGATIVO;S/D;
2021-07-27;EDAR ARANDA DE DUERO;NEGATIVO;S/D;
2021-07-27;EBAR ARROYO DE LA ENCOMIENDA;POSITIVO;Estable;
2021-07-27;EDAR BENAVENTE;POSITIVO;Estable;
2021-07-27;EDAR BURGOS;POSITIVO;Aumento significativo;
2021-07-27;EDAR LA BAÑEZA;POSITIVO;Aumento significativo;
2021-07-27;EBAR LAGUNA DE DUERO;NEGATIVO;S/D;
2021-07-25;EDAR VALLADOLID (VATAR);POSITIVO;Estable;
2021-07-21;EDAR SEGOVIA (VATAR);POSITIVO;Estable;
2021-07-20;EDAR MIRANDA DE EBRO;POSITIVO;Estable;
2021-07-20;EDAR PONFERRADA;NEGATIVO;S/D;
2021-07-20;EDAR SALAMANCA;POSITIVO;Disminución significativa;
2021-07-20;COLECTOR SAN ANDRÉS DE RABANEDO;NEGATIVO;S/D;
2021-07-20;EBAR SANTA MARTA DE TORMES;NEGATIVO;S/D;
2021-07-20;COLECTOR VILLAQUILAMBRE;NEGATIVO;S/D;
2021-07-20;EDAR ASTORGA;POSITIVO;Estable;
2021-07-20;EDAR BÉJAR;POSITIVO;Disminución;
2021-07-20;EDAR BURGOS;POSITIVO;Estable;
2021-07-20;EDAR CIUDAD RODRIGO;POSITIVO;Aumento significativo;Se calcula la variación respecto a la semana previa a la anterior, al no tener cuantificación la inmediatamente anterior.
2021-07-20;EDAR LA BAÑEZA;NEGATIVO;Disminución;
2021-07-20;EBAR LAGUNA DE DUERO;NEGATIVO;S/D;
2021-07-20;EDAR MEDINA DEL CAMPO;POSITIVO;Estable;
2021-07-20;EDAR SORIA (VATAR);POSITIVO;Aumento;
2021-07-20;EDAR ÁVILA;NEGATIVO;S/D;
2021-07-20;EDAR BENAVENTE;POSITIVO;Estable;
2021-07-20;COLECTOR LEÓN;POSITIVO;Estable;
2021-07-20;EDAR PALENCIA;POSITIVO;Aumento;
2021-07-20;EDAR ZAMORA;POSITIVO;Estable;
2021-07-20;EDAR ARANDA DE DUERO;NEGATIVO;S/D;
2021-07-20;EBAR ARROYO DE LA ENCOMIENDA;POSITIVO;Aumento significativo;Se calcula la variación respecto a la semana previa a la anterior, al no tener cuantificación la inmediatamente anterior.
2021-07-18;EDAR VALLADOLID (VATAR);POSITIVO;Estable;
2021-07-14;EDAR SEGOVIA (VATAR);POSITIVO;Estable;
2021-07-13;COLECTOR LEÓN;POSITIVO;Disminución;
2021-07-13;EDAR PONFERRADA;NEGATIVO;S/D;
2021-07-13;EDAR SORIA (VATAR);POSITIVO;Estable;
2021-07-13;EDAR ARANDA DE DUERO;PRESUNTO POSITIVO;Estable;
2021-07-13;EBAR ARROYO DE LA ENCOMIENDA;NEGATIVO;S/D;
2021-07-13;EDAR CIUDAD RODRIGO;NEGATIVO;S/D;
2021-07-13;EBAR LAGUNA DE DUERO;NEGATIVO;S/D;
2021-07-13;EDAR PALENCIA;POSITIVO;Aumento;
2021-07-13;EDAR SALAMANCA;POSITIVO;Estable;Se calcula la variación respecto a la semana previa a la anterior, al no tener cuantificación la inmediatamente anterior.
2021-07-13;COLECTOR SAN ANDRÉS DE RABANEDO;POSITIVO;Estable;
2021-07-13;EDAR ASTORGA;POSITIVO;Estable;
2021-07-13;EDAR ÁVILA;NEGATIVO;S/D;
2021-07-13;EDAR BÉJAR;POSITIVO;Estable;
2021-07-13;EDAR BENAVENTE;POSITIVO;Aumento;
2021-07-13;EDAR BURGOS;POSITIVO;Disminución;
2021-07-13;EDAR LA BAÑEZA;POSITIVO;Aumento;
2021-07-13;EDAR MEDINA DEL CAMPO;POSITIVO;Aumento significativo;
2021-07-13;EDAR MIRANDA DE EBRO;POSITIVO;Estable;
2021-07-13;EBAR SANTA MARTA DE TORMES;NEGATIVO;S/D;
2021-07-13;COLECTOR VILLAQUILAMBRE;POSITIVO;Aumento;Se considera una evolución en aumento puesto que al menos en las dos últimas muestras se ha obtenido un resultado negativo.
2021-07-13;EDAR ZAMORA;POSITIVO;Aumento;
2021-07-11;EDAR VALLADOLID (VATAR);POSITIVO;Estable;
2021-07-07;EDAR SEGOVIA (VATAR);POSITIVO;Aumento significativo;Hubo precipitaciones el día anterior del muestreo (4,6mm), pudiendo haber diluido la muestra, disminuyendo la cuantificación de SARS-CoV-2. Además, se detectó un posible vertido en el influente de entrada a la EDAR. Este hecho podría haber tenido influencia asimismo en la detección y/o cuantificación de SARS-CoV-2.
2021-07-06;COLECTOR LEÓN;POSITIVO;Aumento significativo;
2021-07-06;EDAR PALENCIA;POSITIVO;Aumento;Se considera una evolución en aumento puesto que al menos en las dos últimas muestras se ha obtenido un resultado negativo.
2021-07-06;EDAR PONFERRADA;PRESUNTO POSITIVO;Aumento;Se considera una evolución en aumento puesto que al menos en las dos últimas muestras se ha obtenido un resultado negativo.
2021-07-06;EBAR SANTA MARTA DE TORMES;NEGATIVO;S/D;
2021-07-06;COLECTOR VILLAQUILAMBRE;NEGATIVO;S/D;
2021-07-06;EDAR SORIA (VATAR);POSITIVO;Aumento significativo;
2021-07-06;EDAR ARANDA DE DUERO;POSITIVO;Estable;
2021-07-06;EDAR BURGOS;POSITIVO;Aumento significativo;Se calcula la variación respecto a la semana previa a la anterior, al no tener cuantificación la inmediatamente anterior.
2021-07-06;EBAR LAGUNA DE DUERO;NEGATIVO;S/D;
2021-07-06;EDAR MIRANDA DE EBRO;PRESUNTO POSITIVO;Aumento;Se considera una evolución en aumento puesto que al menos en las dos últimas muestras se ha obtenido un resultado negativo.
2021-07-06;EDAR SALAMANCA;NEGATIVO;S/D;
2021-07-06;COLECTOR SAN ANDRÉS DE RABANEDO;POSITIVO;Aumento;Se considera una evolución en aumento puesto que al menos en las dos últimas muestras se ha obtenido un resultado negativo.
2021-07-06;EDAR ASTORGA;POSITIVO;Aumento;Se considera una evolución en aumento puesto que al menos en las dos últimas semanas se ha obtenido un resultado negativo.
2021-07-06;EDAR ÁVILA;NEGATIVO;S/D;
2021-07-06;EDAR BENAVENTE;POSITIVO;Aumento;Se considera una evolución en aumento puesto que al menos en las dos últimas semanas se ha obtenido un resultado negativo.
2021-07-06;EDAR MEDINA DEL CAMPO;POSITIVO;Estable;
2021-07-06;EDAR ZAMORA;POSITIVO;Aumento;Se considera una evolución en aumento puesto que al menos en las dos últimas muestras se ha obtenido un resultado negativo.
2021-07-06;EBAR ARROYO DE LA ENCOMIENDA;POSITIVO;Estable;
2021-07-06;EDAR BÉJAR;POSITIVO;Aumento;Se considera una evolución en aumento puesto que al menos en las dos últimas semanas se ha obtenido un resultado negativo.
2021-07-06;EDAR CIUDAD RODRIGO;POSITIVO;Estable;
2021-07-06;EDAR LA BAÑEZA;POSITIVO;Disminución;Se calcula la variación respecto a la semana previa a la anterior, al no tener cuantificación la inmediatamente anterior.
2021-07-04;EDAR VALLADOLID (VATAR);POSITIVO;Aumento significativo;
2021-06-30;EDAR SEGOVIA (VATAR);POSITIVO;Estable;
2021-06-29;EDAR SORIA (VATAR);POSITIVO;Estable;
2021-06-29;EDAR ASTORGA;NEGATIVO;S/D;
2021-06-29;EDAR ÁVILA;NEGATIVO;S/D;
2021-06-29;EDAR PONFERRADA;NEGATIVO;S/D;
2021-06-29;EDAR SALAMANCA;POSITIVO;Aumento;Se considera una evolución en aumento puesto que al menos en las dos últimas muestras se ha obtenido un resultado negativo.
2021-06-29;COLECTOR SAN ANDRÉS DE RABANEDO;NEGATIVO;S/D;
2021-06-29;COLECTOR VILLAQUILAMBRE;NEGATIVO;S/D;
2021-06-29;EDAR ARANDA DE DUERO;PRESUNTO POSITIVO;Disminución;Se calcula la variación respecto a la semana previa a la anterior, al no tener cuantificación la inmediatamente anterior.
2021-06-29;EDAR CIUDAD RODRIGO;PRESUNTO POSITIVO;Aumento;Se considera una evolución en aumento puesto que al menos en las dos últimas muestras se ha obtenido un resultado negativo.
2021-06-29;EDAR LA BAÑEZA;NEGATIVO;S/D;
2021-06-29;COLECTOR LEÓN;POSITIVO;Estable;
2021-06-29;EDAR MEDINA DEL CAMPO;POSITIVO;Disminución significativa;
2021-06-29;EDAR MIRANDA DE EBRO;NEGATIVO;S/D;
2021-06-29;EDAR PALENCIA;NEGATIVO;S/D;
2021-06-29;EBAR SANTA MARTA DE TORMES;NEGATIVO;S/D;
2021-06-29;EBAR ARROYO DE LA ENCOMIENDA;POSITIVO;Aumento;Se considera una evolución en aumento puesto que al menos en las dos últimas semanas se ha obtenido un resultado negativo.
2021-06-29;EDAR BÉJAR;NEGATIVO;S/D;
2021-06-29;EDAR BENAVENTE;NEGATIVO;S/D;
2021-06-29;EBAR LAGUNA DE DUERO;NEGATIVO;S/D;
2021-06-28;EDAR BURGOS;NEGATIVO;S/D;
2021-06-28;EDAR ZAMORA;NEGATIVO;S/D;
2021-06-27;EDAR VALLADOLID (VATAR);POSITIVO;Disminución;
2021-06-23;EDAR SEGOVIA (VATAR);POSITIVO;Estable;Hubo precipitaciones el día anterior (8,6mm) del muestreo, pudiendo haber diluido la muestra, disminuyendo la cuantificación de SARS-CoV-2.
2021-06-22;EDAR SALAMANCA;NEGATIVO;S/D;
2021-06-22;EDAR SORIA (VATAR);NEGATIVO;S/D;Hubo precipitaciones el día anterior (0,4mm) del muestreo, pudiendo haber diluido la muestra, disminuyendo la cuantificación de SARS-CoV-2.
2021-06-22;EDAR ÁVILA;PRESUNTO POSITIVO;Disminución;Se calcula la variación respecto a la semana previa a la anterior, al no tener cuantificación la inmediatamente anterior.
2021-06-22;EDAR BENAVENTE;NEGATIVO;S/D;
2021-06-22;EDAR MEDINA DEL CAMPO;POSITIVO;Aumento significativo;
2021-06-22;EDAR MIRANDA DE EBRO;NEGATIVO;S/D;
2021-06-22;EDAR PONFERRADA;NEGATIVO;S/D;
2021-06-22;EBAR SANTA MARTA DE TORMES;NEGATIVO;S/D;
2021-06-22;COLECTOR VILLAQUILAMBRE;NEGATIVO;S/D;
2021-06-22;EBAR ARROYO DE LA ENCOMIENDA;NEGATIVO;S/D;
2021-06-22;EDAR ASTORGA;NEGATIVO;S/D;
2021-06-22;EDAR BURGOS;PRESUNTO POSITIVO;Disminución;Se calcula la variación respecto a la semana previa a la anterior, al no tener cuantificación la inmediatamente anterior.
2021-06-22;EDAR CIUDAD RODRIGO;NEGATIVO;S/D;
2021-06-22;EDAR LA BAÑEZA;POSITIVO;Aumento significativo;
2021-06-22;EBAR LAGUNA DE DUERO;NEGATIVO;S/D;
2021-06-22;COLECTOR LEÓN;PRESUNTO POSITIVO;Disminución significativa;
2021-06-22;COLECTOR SAN ANDRÉS DE RABANEDO;NEGATIVO;S/D;
2021-06-22;EDAR ZAMORA;NEGATIVO;S/D;
2021-06-22;EDAR ARANDA DE DUERO;NEGATIVO;S/D;
2021-06-22;EDAR BÉJAR;NEGATIVO;S/D;
2021-06-20;EDAR VALLADOLID (VATAR);POSITIVO;Estable;Disparidad significativa en la variación entre las distintas dianas analizadas. Por ello, hay que tomarse este resultado de variación con cautela hasta que pueda confirmarse la tendencia en la semana siguiente.
2021-06-16;EDAR SEGOVIA (VATAR);POSITIVO;Disminución;Hubo precipitaciones el mismo día (0,2mm) y el día anterior (0,4mm) del muestreo, pudiendo haber diluido la muestra, disminuyendo la cuantificación de SARS-CoV-2. Además, el horario de muestreo se retrasó aproximadamente media hora respecto del habitual, debido a que se detectó un posible vertido en el influente de entrada a la EDAR. Este hecho podría haber tenido influencia asimismo en la detección y/o cuantificación de SARS-CoV-2.
2021-06-15;COLECTOR SAN ANDRÉS DE RABANEDO;NEGATIVO;S/D;
2021-06-15;EDAR SORIA (VATAR);POSITIVO;Estable;Hubo precipitaciones el día anterior (3,8mm) del muestreo, pudiendo haber diluido la muestra, disminuyendo la cuantificación de SARS-CoV-2.
2021-06-15;EDAR ÁVILA;NEGATIVO;S/D;
2021-06-15;EDAR BURGOS;NEGATIVO;S/D;
2021-06-15;EBAR LAGUNA DE DUERO;NEGATIVO;S/D;
2021-06-15;COLECTOR LEÓN;POSITIVO;Estable;
2021-06-15;EDAR MEDINA DEL CAMPO;PRESUNTO POSITIVO;Disminución significativa;
2021-06-15;EBAR SANTA MARTA DE TORMES;NEGATIVO;S/D;
2021-06-15;EDAR ZAMORA;NEGATIVO;S/D;
2021-06-15;EDAR ARANDA DE DUERO;POSITIVO;Estable;
2021-06-15;EDAR LA BAÑEZA;PRESUNTO POSITIVO;Aumento;Se considera una evolución en aumento puesto que al menos en las dos últimas muestras se ha obtenido un resultado negativo.
2021-06-15;EDAR MIRANDA DE EBRO;NEGATIVO;S/D;
2021-06-15;EDAR PALENCIA;NEGATIVO;S/D;
2021-06-15;EDAR PONFERRADA;NEGATIVO;S/D;
2021-06-15;EDAR SALAMANCA;NEGATIVO;S/D;
2021-06-15;COLECTOR VILLAQUILAMBRE;NEGATIVO;S/D;
2021-06-15;EBAR ARROYO DE LA ENCOMIENDA;NEGATIVO;S/D;
2021-06-15;EDAR ASTORGA;NEGATIVO;S/D;
2021-06-15;EDAR BÉJAR;NEGATIVO;S/D;
2021-06-15;EDAR BENAVENTE;NEGATIVO;S/D;
2021-06-15;EDAR CIUDAD RODRIGO;NEGATIVO;S/D;
2021-06-13;EDAR VALLADOLID (VATAR);POSITIVO;Disminución;Hubo precipitaciones el mismo día (0,2mm) del muestreo, pudiendo haber diluido la muestra, disminuyendo la cuantificación de SARS-CoV-2.
2021-06-09;EDAR SEGOVIA (VATAR);POSITIVO;Estable;
2021-06-08;EDAR MIRANDA DE EBRO;POSITIVO;Disminución;
2021-06-08;EDAR PALENCIA;POSITIVO;Disminución;
2021-06-08;EDAR PONFERRADA;NEGATIVO;S/D;
2021-06-08;COLECTOR SAN ANDRÉS DE RABANEDO;NEGATIVO;S/D;
2021-06-08;EBAR ARROYO DE LA ENCOMIENDA;POSITIVO;Estable;
2021-06-08;EDAR ASTORGA;NEGATIVO;S/D;
2021-06-08;EDAR BÉJAR;NEGATIVO;S/D;
2021-06-08;COLECTOR LEÓN;POSITIVO;Aumento;Se considera una evolución en aumento puesto que al menos en las dos últimas muestras se ha obtenido un resultado negativo.
2021-06-08;EDAR SALAMANCA;POSITIVO;Estable;
2021-06-08;COLECTOR VILLAQUILAMBRE;NEGATIVO;S/D;
2021-06-08;EDAR ZAMORA;POSITIVO;Aumento;
2021-06-08;EDAR SORIA (VATAR);POSITIVO;Aumento significativo;
2021-06-08;EDAR ARANDA DE DUERO;POSITIVO;Estable;Se calcula la variación respecto a la semana previa a la anterior, al no tener cuantificación la inmediatamente anterior.
2021-06-08;EDAR ÁVILA;POSITIVO;Estable;
2021-06-08;EDAR MEDINA DEL CAMPO;POSITIVO;Aumento;Se calcula la variación respecto a la semana previa a la anterior, al no tener cuantificación la inmediatamente anterior.
2021-06-08;EBAR SANTA MARTA DE TORMES;POSITIVO;Aumento;Se considera una evolución en aumento puesto que al menos en las dos últimas muestras se ha obtenido un resultado negativo.
2021-06-08;EDAR BENAVENTE;NEGATIVO;S/D;
2021-06-08;EDAR BURGOS;POSITIVO;Estable;
2021-06-08;EDAR CIUDAD RODRIGO;NEGATIVO;S/D;
2021-06-08;EDAR LA BAÑEZA;NEGATIVO;S/D;
2021-06-08;EBAR LAGUNA DE DUERO;POSITIVO;Disminución;Se calcula la variación respecto a la semana previa a la anterior, al no tener cuantificación la inmediatamente anterior.
2021-06-06;EDAR VALLADOLID (VATAR);POSITIVO;Estable;
2021-06-02;EDAR SEGOVIA (VATAR);POSITIVO;Estable;Hubo precipitaciones el mismo día (0,2mm) y el día anterior (11,6mm) del muestreo, pudiendo haber diluido la muestra, disminuyendo la cuantificación de SARS-CoV-2. Disparidad significativa en la variación entre las distintas dianas analizadas. Por ello, hay que tomarse este resultado de variación con cautela hasta que pueda confirmarse la tendencia en la semana siguiente.
2021-06-01;COLECTOR LEÓN;NEGATIVO;S/D;
2021-06-01;EDAR MIRANDA DE EBRO;POSITIVO;Aumento;Se considera una evolución en aumento puesto que al menos en las dos últimas muestras se ha obtenido un resultado negativo.
2021-06-01;EDAR PONFERRADA;NEGATIVO;S/D;
2021-06-01;COLECTOR SAN ANDRÉS DE RABANEDO;NEGATIVO;S/D;
2021-06-01;EBAR SANTA MARTA DE TORMES;NEGATIVO;S/D;
2021-06-01;EBAR ARROYO DE LA ENCOMIENDA;POSITIVO;Estable;
2021-06-01;EDAR CIUDAD RODRIGO;PRESUNTO POSITIVO;Aumento;Se considera una evolución en aumento puesto que al menos en las dos últimas muestras se ha obtenido un resultado negativo.
2021-06-01;EDAR LA BAÑEZA;NEGATIVO;S/D;
2021-06-01;EBAR LAGUNA DE DUERO;NEGATIVO;S/D;
2021-06-01;EDAR MEDINA DEL CAMPO;NEGATIVO;S/D;
2021-06-01;EDAR ZAMORA;POSITIVO;Disminución significativa;
2021-06-01;EDAR BENAVENTE;NEGATIVO;S/D;
2021-06-01;EDAR BURGOS;POSITIVO;Estable;Se calcula la variación respecto a la semana previa a la anterior, al no tener cuantificación la inmediatamente anterior.
2021-06-01;EDAR PALENCIA;POSITIVO;Estable;
2021-06-01;EDAR SALAMANCA;POSITIVO;Estable;
2021-06-01;COLECTOR VILLAQUILAMBRE;NEGATIVO;S/D;
2021-06-01;EDAR SORIA (VATAR);POSITIVO;Estable;Hubo precipitaciones el mismo día (9mm) y el día anterior (2,8mm) del muestreo, pudiendo haber diluido la muestra, disminuyendo la cuantificación de SARS-CoV-2.
2021-06-01;EDAR ARANDA DE DUERO;NEGATIVO;S/D;
2021-06-01;EDAR ASTORGA;NEGATIVO;S/D;
2021-06-01;EDAR ÁVILA;POSITIVO;Disminución significativa;
2021-06-01;EDAR BÉJAR;NEGATIVO;S/D;
2021-05-30;EDAR VALLADOLID (VATAR);POSITIVO;Estable;Hubo precipitaciones el día anterior (1,4mm) del muestreo, pudiendo haber diluido la muestra, disminuyendo la cuantificación de SARS-CoV-2. Disparidad significativa en la variación entre las distintas dianas analizadas. Por ello, hay que tomarse este resultado de variación con cautela hasta que pueda confirmarse la tendencia en la semana siguiente.
2021-05-26;EDAR MIRANDA DE EBRO;NEGATIVO;S/D;
2021-05-26;EDAR SEGOVIA (VATAR);POSITIVO;Estable;
2021-05-25;EDAR MEDINA DEL CAMPO;POSITIVO;Disminución;
2021-05-25;EDAR PONFERRADA;NEGATIVO;S/D;
2021-05-25;COLECTOR SAN ANDRÉS DE RABANEDO;NEGATIVO;S/D;
2021-05-25;EDAR ZAMORA;POSITIVO;Estable;
2021-05-25;EDAR ÁVILA;POSITIVO;Estable;
2021-05-25;EDAR BÉJAR;NEGATIVO;S/D;
2021-05-25;EDAR BURGOS;NEGATIVO;S/D;
2021-05-25;EDAR LA BAÑEZA;NEGATIVO;S/D;
2021-05-25;COLECTOR LEÓN;NEGATIVO;S/D;
2021-05-25;COLECTOR VILLAQUILAMBRE;NEGATIVO;S/D;
2021-05-25;EDAR CIUDAD RODRIGO;NEGATIVO;S/D;
2021-05-25;EBAR LAGUNA DE DUERO;POSITIVO;Aumento;Se considera una evolución en aumento puesto que al menos en las dos últimas muestras se ha obtenido un resultado negativo.
2021-05-25;EDAR PALENCIA;POSITIVO;Estable;Se calcula la variación respecto a la semana previa a la anterior, al no tener cuantificación la inmediatamente anterior.
2021-05-25;EDAR SALAMANCA;POSITIVO;Estable;Se calcula la variación respecto a la semana previa a la anterior, al no tener cuantificación la inmediatamente anterior.
2021-05-25;EBAR SANTA MARTA DE TORMES;NEGATIVO;S/D;
2021-05-25;EDAR SORIA (VATAR);POSITIVO;Disminución significativa;
2021-05-25;EDAR ARANDA DE DUERO;PRESUNTO POSITIVO;Aumento;Se considera una evolución en aumento puesto que al menos en las dos últimas semanas se ha obtenido un resultado negativo.
2021-05-25;EBAR ARROYO DE LA ENCOMIENDA;POSITIVO;Estable;Se calcula la variación respecto a la semana previa a la anterior, al no tener cuantificación la inmediatamente anterior.
2021-05-25;EDAR ASTORGA;POSITIVO;Estable;
2021-05-25;EDAR BENAVENTE;NEGATIVO;S/D;
2021-05-23;EDAR VALLADOLID (VATAR);POSITIVO;Estable;
2021-05-19;EDAR SEGOVIA (VATAR);POSITIVO;Estable;
2021-05-18;EDAR PALENCIA;NEGATIVO;S/D;
2021-05-18;EDAR SALAMANCA;NEGATIVO;S/D;
2021-05-18;COLECTOR VILLAQUILAMBRE;NEGATIVO;S/D;
2021-05-18;EDAR ZAMORA;POSITIVO;Aumento significativo;Se calcula la variación respecto a la semana previa a la anterior, al no tener cuantificación la inmediatamente anterior.
2021-05-18;EDAR BÉJAR;NEGATIVO;S/D;
2021-05-18;EDAR LA BAÑEZA;POSITIVO;Disminución significativa;
2021-05-18;EBAR LAGUNA DE DUERO;NEGATIVO;S/D;
2021-05-18;COLECTOR LEÓN;NEGATIVO;S/D;
2021-05-18;EDAR MIRANDA DE EBRO;NEGATIVO;S/D;
2021-05-18;EDAR PONFERRADA;NEGATIVO;S/D;
2021-05-18;COLECTOR SAN ANDRÉS DE RABANEDO;NEGATIVO;S/D;
2021-05-18;EDAR SORIA (VATAR);POSITIVO;Aumento;
2021-05-18;EDAR ARANDA DE DUERO;NEGATIVO;S/D;
2021-05-18;EBAR ARROYO DE LA ENCOMIENDA;NEGATIVO;S/D;
2021-05-18;EDAR BENAVENTE;NEGATIVO;S/D;
2021-05-18;EDAR BURGOS;POSITIVO;Disminución;
2021-05-18;EDAR CIUDAD RODRIGO;NEGATIVO;S/D;
2021-05-18;EDAR MEDINA DEL CAMPO;POSITIVO;Estable;
2021-05-18;EBAR SANTA MARTA DE TORMES;NEGATIVO;S/D;
2021-05-18;EDAR ASTORGA;POSITIVO;Aumento;Se considera una evolución en aumento puesto que al menos en las dos últimas semanas se ha obtenido un resultado negativo.
2021-05-18;EDAR ÁVILA;POSITIVO;Aumento;Se calcula la variación respecto a la semana previa a la anterior, al no tener cuantificación la inmediatamente anterior.
2021-05-16;EDAR VALLADOLID (VATAR);POSITIVO;Aumento;
2021-05-12;EDAR SEGOVIA (VATAR);POSITIVO;Disminución;Hubo precipitaciones el mismo día (1,4mm) y el día anterior (1mm) del muestreo, pudiendo haber diluido la muestra, disminuyendo la cuantificación de SARS-CoV-2.
2021-05-11;COLECTOR LEÓN;POSITIVO;Disminución;
2021-05-11;EDAR MIRANDA DE EBRO;POSITIVO;Aumento significativo;Se calcula la variación respecto a la semana previa a la anterior, al no tener cuantificación la inmediatamente anterior.
2021-05-11;EDAR PALENCIA;POSITIVO;Aumento;
2021-05-11;EDAR PONFERRADA;NEGATIVO;S/D;
2021-05-11;COLECTOR SAN ANDRÉS DE RABANEDO;NEGATIVO;S/D;
2021-05-11;EBAR SANTA MARTA DE TORMES;NEGATIVO;S/D;
2021-05-11;COLECTOR VILLAQUILAMBRE;NEGATIVO;S/D;
2021-05-11;EDAR ARANDA DE DUERO;NEGATIVO;S/D;
2021-05-11;EDAR ÁVILA;NEGATIVO;S/D;
2021-05-11;EDAR BENAVENTE;PRESUNTO POSITIVO;Aumento;Se considera una evolución en aumento puesto que al menos en las dos últimas semanas se ha obtenido un resultado negativo.
2021-05-11;EDAR CIUDAD RODRIGO;POSITIVO;Aumento;
2021-05-11;EDAR LA BAÑEZA;POSITIVO;Aumento;
2021-05-11;EBAR LAGUNA DE DUERO;NEGATIVO;S/D;
2021-05-11;EDAR SALAMANCA;POSITIVO;Estable;
2021-05-11;EDAR ZAMORA;NEGATIVO;S/D;
2021-05-11;EDAR SORIA (VATAR);POSITIVO;Estable;Hubo precipitaciones el mismo día (0,4mm) y el día anterior (7,6mm) del muestreo, pudiendo haber diluido la muestra, disminuyendo la cuantificación de SARS-CoV-2.
2021-05-11;EBAR ARROYO DE LA ENCOMIENDA;POSITIVO;Aumento;Se calcula la variación respecto a la semana previa a la anterior, al no tener cuantificación la inmediatamente anterior.
2021-05-11;EDAR BÉJAR;NEGATIVO;S/D;
2021-05-11;EDAR BURGOS;POSITIVO;Estable;
2021-05-11;EDAR MEDINA DEL CAMPO;POSITIVO;Aumento;
2021-05-11;EDAR ASTORGA;NEGATIVO;S/D;
2021-05-09;EDAR VALLADOLID (VATAR);POSITIVO;Disminución;
2021-05-05;EDAR SEGOVIA (VATAR);POSITIVO;Estable;
2021-05-04;COLECTOR LEÓN;POSITIVO;Aumento;
2021-05-04;EDAR PALENCIA;POSITIVO;Estable;
2021-05-04;EDAR SALAMANCA;POSITIVO;Disminución significativa;
2021-05-04;COLECTOR SAN ANDRÉS DE RABANEDO;POSITIVO;Aumento;Se considera una evolución en aumento puesto que al menos en las dos últimas muestras se ha obtenido un resultado negativo.
2021-05-04;EBAR SANTA MARTA DE TORMES;POSITIVO;Estable;
2021-05-04;EDAR ASTORGA;NEGATIVO;S/D;
2021-05-04;EDAR ÁVILA;POSITIVO;Estable;
2021-05-04;EDAR BURGOS;POSITIVO;Estable;
2021-05-04;EDAR LA BAÑEZA;POSITIVO;Aumento significativo;
2021-05-04;EBAR LAGUNA DE DUERO;NEGATIVO;S/D;
2021-05-04;EDAR PONFERRADA;NEGATIVO;S/D;
2021-05-04;EDAR SORIA (VATAR);POSITIVO;Disminución;Hubo precipitaciones el día anterior (8mm) del muestreo, pudiendo haber diluido la muestra, disminuyendo la cuantificación de SARS-CoV-2
2021-05-04;EDAR ARANDA DE DUERO;NEGATIVO;S/D;
2021-05-04;EDAR CIUDAD RODRIGO;POSITIVO;Disminución;
2021-05-04;EDAR MEDINA DEL CAMPO;POSITIVO;Disminución;
2021-05-04;EDAR MIRANDA DE EBRO;NEGATIVO;S/D;
2021-05-04;COLECTOR VILLAQUILAMBRE;POSITIVO;Disminución;Se calcula la variación respecto a la semana previa a la anterior, al no tener cuantificación la inmediatamente anterior.
2021-05-04;EDAR ZAMORA;POSITIVO;Estable;
2021-05-04;EBAR ARROYO DE LA ENCOMIENDA;NEGATIVO;S/D;
2021-05-04;EDAR BÉJAR;NEGATIVO;S/D;
2021-05-04;EDAR BENAVENTE;NEGATIVO;S/D;
2021-05-02;EDAR VALLADOLID (VATAR);POSITIVO;Estable;Hubo precipitaciones el día anterior (1mm) del muestreo, pudiendo haber diluido la muestra, disminuyendo la cuantificación de SARS-CoV-2. Disparidad significativa en la variación entre las distintas dianas analizadas. Por ello, hay que tomarse este resultado de variación con cautela hasta que pueda confirmarse la tendencia en la semana siguiente.
2021-04-28;EDAR SEGOVIA (VATAR);POSITIVO;Estable;Hubo precipitaciones el mismo día (0,2mm) y el día anterior (10,8mm) del muestreo, pudiendo haber diluido la muestra, disminuyendo la cuantificación de SARS-CoV-2. Disparidad significativa en la variación entre las distintas dianas analizadas. Por ello, hay que tomarse este resultado de variación con cautela hasta que pueda confirmarse la tendencia en la semana siguiente.
2021-04-27;COLECTOR LEÓN;POSITIVO;Disminución;
2021-04-27;COLECTOR VILLAQUILAMBRE;NEGATIVO;S/D;
2021-04-27;EBAR ARROYO DE LA ENCOMIENDA;PRESUNTO POSITIVO;Aumento;Se considera una evolución en aumento puesto que al menos en las dos últimas semanas se ha obtenido un resultado negativo.
2021-04-27;EDAR ASTORGA;NEGATIVO;S/D;
2021-04-27;EDAR ÁVILA;POSITIVO;Aumento;
2021-04-27;EDAR CIUDAD RODRIGO;POSITIVO;Estable;
2021-04-27;EDAR LA BAÑEZA;POSITIVO;Estable;
2021-04-27;EBAR LAGUNA DE DUERO;POSITIVO;Estable;
2021-04-27;EDAR MIRANDA DE EBRO;POSITIVO;Disminución significativa;
2021-04-27;EDAR SALAMANCA;POSITIVO;Estable;
2021-04-27;EBAR SANTA MARTA DE TORMES;POSITIVO;Disminución;
2021-04-27;EDAR ARANDA DE DUERO;NEGATIVO;S/D;
2021-04-27;EDAR BÉJAR;NEGATIVO;S/D;
2021-04-27;EDAR BENAVENTE;NEGATIVO;S/D;
2021-04-27;EDAR BURGOS;POSITIVO;Aumento significativo;
2021-04-27;EDAR MEDINA DEL CAMPO;POSITIVO;Estable;
2021-04-27;EDAR PALENCIA;POSITIVO;Estable;
2021-04-27;EDAR PONFERRADA;POSITIVO;Aumento significativo;
2021-04-27;COLECTOR SAN ANDRÉS DE RABANEDO;NEGATIVO;S/D;
2021-04-27;EDAR ZAMORA;POSITIVO;Disminución significativa;
2021-04-27;EDAR SORIA (VATAR);POSITIVO;Estable;Hubo precipitaciones el día anterior (9,8mm) del muestreo, pudiendo haber diluido la muestra, disminuyendo la cuantificación de SARS-CoV-2
2021-04-25;EDAR VALLADOLID (VATAR);POSITIVO;Estable;
2021-04-21;EDAR SEGOVIA (VATAR);POSITIVO;Estable;Hubo precipitaciones el día anterior (0,4mm) del muestreo, pudiendo haber diluido la muestra, disminuyendo la cuantificación de SARS-CoV-2. 2. Disparidad significativa en la variación entre las distintas dianas analizadas. Por ello, hay que tomarse este resultado de variación con cautela hasta que pueda confirmarse la tendencia en la semana siguiente.
2021-04-20;EDAR PALENCIA;POSITIVO;Estable;
2021-04-20;COLECTOR SAN ANDRÉS DE RABANEDO;NEGATIVO;S/D;
2021-04-20;EBAR ARROYO DE LA ENCOMIENDA;NEGATIVO;S/D;
2021-04-20;EDAR BENAVENTE;POSITIVO;Aumento;
2021-04-20;EDAR LA BAÑEZA;PRESUNTO POSITIVO;Disminución;
2021-04-20;EDAR PONFERRADA;POSITIVO;Estable;Se calcula la variación respecto a la semana previa a la anterior, al no tener cuantificación la inmediatamente anterior.
2021-04-20;COLECTOR VILLAQUILAMBRE;POSITIVO;Disminución;Se calcula la variación respecto a la semana previa a la anterior, al no tener cuantificación la inmediatamente anterior.
2021-04-20;EDAR SORIA (VATAR);POSITIVO;Estable;Hubo precipitaciones el mismo día (1,4mm) del muestreo, pudiendo haber diluido la muestra, disminuyendo la cuantificación de SARS-CoV-2. 2. Disparidad significativa en la variación entre las distintas dianas analizadas. Por ello, hay que tomarse este resultado de variación con cautela hasta que pueda confirmarse la tendencia en la semana siguiente.
2021-04-20;EDAR ARANDA DE DUERO;NEGATIVO;S/D;
2021-04-20;EDAR ÁVILA;POSITIVO;Estable;Se calcula la variación respecto a la semana previa a la anterior, al no tener cuantificación la inmediatamente anterior.
2021-04-20;EDAR BURGOS;POSITIVO;Disminución;
2021-04-20;EDAR CIUDAD RODRIGO;POSITIVO;Estable;Se calcula la variación respecto a la semana previa a la anterior, al no tener cuantificación la inmediatamente anterior.
2021-04-20;EBAR LAGUNA DE DUERO;POSITIVO;Aumento;Se considera una evolución en aumento puesto que al menos en las dos últimas muestras se ha obtenido un resultado negativo.
2021-04-20;COLECTOR LEÓN;POSITIVO;Aumento;
2021-04-20;EDAR MEDINA DEL CAMPO;POSITIVO;Aumento significativo;
2021-04-20;EDAR MIRANDA DE EBRO;POSITIVO;Aumento;
2021-04-20;EDAR SALAMANCA;POSITIVO;Estable;
2021-04-20;EBAR SANTA MARTA DE TORMES;POSITIVO;Estable;Se calcula la variación respecto a la semana previa a la anterior, al no tener cuantificación la inmediatamente anterior.
2021-04-20;EDAR ZAMORA;POSITIVO;Aumento significativo;
2021-04-20;EDAR BÉJAR;POSITIVO;Disminución;
2021-04-18;EDAR VALLADOLID (VATAR);POSITIVO;Estable;
2021-04-14;EBAR SANTA MARTA DE TORMES;NEGATIVO;S/D;
2021-04-14;COLECTOR VILLAQUILAMBRE;NEGATIVO;S/D;
2021-04-14;EDAR ARANDA DE DUERO;NEGATIVO;S/D;
2021-04-14;EBAR ARROYO DE LA ENCOMIENDA;NEGATIVO;S/D;
2021-04-14;EDAR ASTORGA;NEGATIVO;S/D;
2021-04-14;EDAR MEDINA DEL CAMPO;POSITIVO;Disminución significativa;
2021-04-14;EDAR MIRANDA DE EBRO;POSITIVO;Disminución significativa;
2021-04-14;EDAR SALAMANCA;POSITIVO;Disminución;
2021-04-14;EDAR SEGOVIA (VATAR);POSITIVO;Estable;Hubo precipitaciones el día anterior (3,6mm) del muestreo, pudiendo haber diluido la muestra ligeramente, disminuyendo la cuantificación de SARS-CoV-2
2021-04-14;EDAR ÁVILA;NEGATIVO;S/D;
2021-04-14;EDAR BÉJAR;POSITIVO;Disminución;
2021-04-14;EDAR CIUDAD RODRIGO;NEGATIVO;S/D;
2021-04-14;EDAR LA BAÑEZA;NEGATIVO;S/D;
2021-04-14;EBAR LAGUNA DE DUERO;NEGATIVO;S/D;
2021-04-14;COLECTOR LEÓN;POSITIVO;Estable;
2021-04-14;EDAR PALENCIA;POSITIVO;Estable;Se calcula la variación respecto a la semana previa a la anterior, al no tener cuantificación la inmediatamente anterior.
2021-04-14;EDAR PONFERRADA;NEGATIVO;S/D;
2021-04-14;COLECTOR SAN ANDRÉS DE RABANEDO;NEGATIVO;S/D;
2021-04-14;EDAR ZAMORA;POSITIVO;Disminución significativa;Se calcula la variación respecto a la semana previa a la anterior, al no tener cuantificación la inmediatamente anterior.
2021-04-14;EDAR BENAVENTE;POSITIVO;Disminución;
2021-04-14;EDAR BURGOS;POSITIVO;Estable;
2021-04-13;EDAR BENAVENTE;POSITIVO;Aumento significativo;
2021-04-13;EDAR SORIA (VATAR);POSITIVO;Disminución;
2021-04-13;EDAR ASTORGA;NEGATIVO;S/D;
2021-04-12;COLECTOR LEÓN;POSITIVO;Aumento;
2021-04-12;EDAR MIRANDA DE EBRO;POSITIVO;Estable;
2021-04-12;EBAR SANTA MARTA DE TORMES;POSITIVO;Estable;
2021-04-12;EDAR ZAMORA;NEGATIVO;S/D;
2021-04-12;EDAR ÁVILA;POSITIVO;Aumento;
2021-04-12;EDAR BÉJAR;POSITIVO;Aumento significativo;
2021-04-12;EBAR LAGUNA DE DUERO;NEGATIVO;S/D;
2021-04-12;EDAR BURGOS;POSITIVO;Disminución significativa;
2021-04-12;EDAR MEDINA DEL CAMPO;POSITIVO;Aumento significativo;
2021-04-12;EDAR PALENCIA;NEGATIVO;S/D;
2021-04-12;EDAR PONFERRADA;POSITIVO;Aumento;Se considera una evolución en aumento puesto que al menos en las dos últimas muestras se ha obtenido un resultado negativo.
2021-04-12;EDAR SALAMANCA;POSITIVO;Estable;
2021-04-12;COLECTOR SAN ANDRÉS DE RABANEDO;NEGATIVO;S/D;
2021-04-12;COLECTOR VILLAQUILAMBRE;POSITIVO;Estable;
2021-04-12;EDAR ARANDA DE DUERO;NEGATIVO;S/D;
2021-04-12;EBAR ARROYO DE LA ENCOMIENDA;NEGATIVO;S/D;
2021-04-12;EDAR CIUDAD RODRIGO;POSITIVO;Disminución;Se calcula la variación respecto a la semana previa a la anterior, al no tener cuantificación la inmediatamente anterior.
2021-04-12;EDAR LA BAÑEZA;POSITIVO;Estable;
2021-04-11;EDAR VALLADOLID (VATAR);POSITIVO;Disminución;Hubo precipitaciones el mismo día (2,8mm) y el día anterior (12,6mm) del muestreo, pudiendo haber diluido la muestra ligeramente, disminuyendo la cuantificación de SARS-CoV-2
2021-04-07;EDAR MEDINA DEL CAMPO;POSITIVO;Disminución;Se calcula la variación respecto a la semana previa a la anterior, al no tener cuantificación la inmediatamente anterior.
2021-04-07;EDAR PONFERRADA;NEGATIVO;S/D;
2021-04-07;EDAR SALAMANCA;POSITIVO;Estable;
2021-04-07;EDAR ASTORGA;POSITIVO;Aumento;Se calcula la variación respecto a la semana previa a la anterior, al no tener cuantificación la inmediatamente anterior.
2021-04-07;EDAR BÉJAR;POSITIVO;Disminución;
2021-04-07;EDAR BURGOS;POSITIVO;Aumento;Se considera una evolución en aumento puesto que al menos en las dos últimas muestras se ha obtenido un resultado negativo.
2021-04-07;EBAR LAGUNA DE DUERO;POSITIVO;Aumento;Se considera una evolución en aumento puesto que al menos en las dos últimas muestras se ha obtenido un resultado negativo.
2021-04-07;COLECTOR LEÓN;POSITIVO;Disminución;
2021-04-07;EBAR SANTA MARTA DE TORMES;POSITIVO;Aumento;
2021-04-07;COLECTOR VILLAQUILAMBRE;POSITIVO;Aumento;Se considera una evolución en aumento puesto que al menos en las dos últimas muestras se ha obtenido un resultado negativo.
2021-04-07;EDAR ZAMORA;POSITIVO;Aumento significativo;
2021-04-07;EDAR SEGOVIA (VATAR);POSITIVO;Estable;Disparidad significativa en la variación entre las distintas dianas analizadas. Por ello, hay que tomarse este resultado de variación con cautela hasta que pueda confirmarse la tendencia en la semana siguiente.
2021-04-07;EBAR ARROYO DE LA ENCOMIENDA;NEGATIVO;S/D;
2021-04-07;EDAR ÁVILA;POSITIVO;Aumento;Se considera una evolución en aumento puesto que al menos en las dos últimas semanas se ha obtenido un resultado negativo.
2021-04-07;EDAR MIRANDA DE EBRO;POSITIVO;Aumento significativo;
2021-04-07;EDAR PALENCIA;POSITIVO;Disminución;
2021-04-07;COLECTOR SAN ANDRÉS DE RABANEDO;POSITIVO;Aumento;Se considera una evolución en aumento puesto que al menos en las dos últimas muestras se ha obtenido un resultado negativo.
2021-04-07;EDAR ARANDA DE DUERO;NEGATIVO;S/D;
2021-04-07;EDAR BENAVENTE;PRESUNTO POSITIVO;Estable;Se calcula la variación respecto a la semana previa a la anterior, al no tener cuantificación la inmediatamente anterior.
2021-04-07;EDAR CIUDAD RODRIGO;NEGATIVO;S/D;
2021-04-07;EDAR LA BAÑEZA;POSITIVO;Estable;
2021-04-06;EDAR MIRANDA DE EBRO;POSITIVO;Estable;Se calcula la variación respecto a la semana previa a la anterior, al no tener cuantificación la inmediatamente anterior.
2021-04-06;EDAR SORIA (VATAR);POSITIVO;Estable;
2021-04-05;EDAR PALENCIA;POSITIVO;Aumento significativo;
2021-04-05;EDAR SALAMANCA;POSITIVO;Aumento;Se calcula la variación respecto a la semana previa a la anterior, al no tener cuantificación la inmediatamente anterior.
2021-04-05;COLECTOR SAN ANDRÉS DE RABANEDO;NEGATIVO;S/D;
2021-04-05;EDAR ZAMORA;POSITIVO;Aumento;Se considera una evolución en aumento puesto que al menos en las dos últimas muestras se ha obtenido un resultado negativo.
2021-04-05;EDAR ASTORGA;NEGATIVO;S/D;
2021-04-05;EDAR ÁVILA;NEGATIVO;S/D;
2021-04-05;EDAR BÉJAR;POSITIVO;Aumento;Se considera una evolución en aumento puesto que al menos en las dos últimas semanas se ha obtenido un resultado negativo.
2021-04-05;EDAR LA BAÑEZA;POSITIVO;Disminución;Se calcula la variación respecto a la semana previa a la anterior, al no tener cuantificación la inmediatamente anterior.
2021-04-05;COLECTOR LEÓN;POSITIVO;Aumento significativo;Se calcula la variación respecto a la semana previa a la anterior, al no tener cuantificación la inmediatamente anterior.
2021-04-05;EDAR PONFERRADA;NEGATIVO;S/D;
2021-04-05;EBAR SANTA MARTA DE TORMES;POSITIVO;Estable;
2021-04-05;EDAR ARANDA DE DUERO;NEGATIVO;S/D;
2021-04-05;EDAR BENAVENTE;NEGATIVO;S/D;
2021-04-05;EDAR BURGOS;NEGATIVO;S/D;
2021-04-05;EBAR LAGUNA DE DUERO;NEGATIVO;S/D;
2021-04-05;EDAR MEDINA DEL CAMPO;NEGATIVO;S/D;
2021-04-05;COLECTOR VILLAQUILAMBRE;NEGATIVO;S/D;
2021-04-05;EBAR ARROYO DE LA ENCOMIENDA;POSITIVO;Aumento;Se considera una evolución en aumento puesto que al menos en las dos últimas semanas se ha obtenido un resultado negativo.
2021-04-05;EDAR CIUDAD RODRIGO;POSITIVO;Aumento significativo;
2021-04-04;EDAR VALLADOLID (VATAR);POSITIVO;Disminución;
2021-03-31;EDAR PALENCIA;POSITIVO;Disminución;
2021-03-31;EDAR ÁVILA;NEGATIVO;S/D;
2021-03-31;EDAR CIUDAD RODRIGO;POSITIVO;Disminución significativa;
2021-03-31;EBAR LAGUNA DE DUERO;NEGATIVO;S/D;
2021-03-31;EDAR MEDINA DEL CAMPO;POSITIVO;Disminución;
2021-03-31;EDAR MIRANDA DE EBRO;NEGATIVO;S/D;
2021-03-31;COLECTOR SAN ANDRÉS DE RABANEDO;NEGATIVO;S/D;
2021-03-31;EBAR SANTA MARTA DE TORMES;POSITIVO;Disminución;Se calcula la variación respecto a la semana previa a la anterior, al no tener cuantificación la inmediatamente anterior.
2021-03-31;EDAR ZAMORA;NEGATIVO;S/D;
2021-03-31;EDAR ARANDA DE DUERO;NEGATIVO;S/D;
2021-03-31;EBAR ARROYO DE LA ENCOMIENDA;NEGATIVO;S/D;
2021-03-31;EDAR BURGOS;NEGATIVO;S/D;
2021-03-31;EDAR LA BAÑEZA;NEGATIVO;S/D;
2021-03-31;COLECTOR LEÓN;NEGATIVO;S/D;
2021-03-31;EDAR SALAMANCA;NEGATIVO;S/D;
2021-03-31;COLECTOR VILLAQUILAMBRE;NEGATIVO;S/D;
2021-03-31;EDAR BÉJAR;NEGATIVO;S/D;
2021-03-31;EDAR BENAVENTE;POSITIVO;Estable;
2021-03-30;EDAR ASTORGA;POSITIVO;Disminución;
2021-03-30;EDAR SEGOVIA (VATAR);POSITIVO;Estable;
2021-03-30;EDAR PONFERRADA;PRESUNTO POSITIVO;Disminución;Se considera tendencia en disminución por evolucionar de un positivo robusto a un presunto positivo y no poder comparar dianas.
2021-03-30;EDAR SORIA (VATAR);POSITIVO;Estable;Disparidad significativa en la variación entre las distintas dianas analizadas. Por ello, hay que tomarse este resultado de variación con cautela hasta que pueda confirmarse la tendencia en la semana siguiente.
2021-03-29;COLECTOR LEÓN;POSITIVO;Estable;
2021-03-29;EDAR ARANDA DE DUERO;NEGATIVO;S/D;
2021-03-29;EBAR ARROYO DE LA ENCOMIENDA;NEGATIVO;S/D;
2021-03-29;EDAR ASTORGA;POSITIVO;Estable;
2021-03-29;EDAR BÉJAR;NEGATIVO;S/D;
2021-03-29;EDAR BENAVENTE;POSITIVO;Estable;
2021-03-29;EDAR CIUDAD RODRIGO;POSITIVO;Aumento;Se considera una evolución en aumento puesto que al menos en las dos últimas muestras se ha obtenido un resultado negativo.
2021-03-29;EDAR PALENCIA;POSITIVO;Aumento;
2021-03-29;COLECTOR SAN ANDRÉS DE RABANEDO;NEGATIVO;S/D;
2021-03-29;COLECTOR VILLAQUILAMBRE;NEGATIVO;S/D;
2021-03-29;EDAR ZAMORA;NEGATIVO;S/D;
2021-03-29;EBAR LAGUNA DE DUERO;NEGATIVO;S/D;
2021-03-29;EDAR MEDINA DEL CAMPO;POSITIVO;Estable;
2021-03-29;EDAR MIRANDA DE EBRO;POSITIVO;Disminución significativa;
2021-03-29;EDAR SALAMANCA;POSITIVO;Estable;
2021-03-29;EBAR SANTA MARTA DE TORMES;NEGATIVO;S/D;
2021-03-29;EDAR ÁVILA;NEGATIVO;S/D;
2021-03-29;EDAR BURGOS;POSITIVO;Disminución significativa;
2021-03-29;EDAR LA BAÑEZA;POSITIVO;Aumento significativo;
2021-03-28;EDAR VALLADOLID (VATAR);POSITIVO;Aumento significativo;
2021-03-24;EDAR SEGOVIA (VATAR);POSITIVO;Estable;
2021-03-23;EDAR MIRANDA DE EBRO;POSITIVO;Aumento significativo;
2021-03-23;EDAR PONFERRADA;POSITIVO;Estable;Se calcula la variación respecto a la semana previa a la anterior, al no tener cuantificación la inmediatamente anterior.
2021-03-23;COLECTOR SAN ANDRÉS DE RABANEDO;POSITIVO;Aumento;Se considera una evolución en aumento puesto que al menos en las dos últimas muestras se ha obtenido un resultado negativo.
2021-03-23;EBAR SANTA MARTA DE TORMES;POSITIVO;Disminución;
2021-03-23;EDAR ZAMORA;POSITIVO;Disminución;
2021-03-23;EBAR ARROYO DE LA ENCOMIENDA;POSITIVO;Aumento;
2021-03-23;EDAR BURGOS;POSITIVO;Aumento;
2021-03-23;EDAR CIUDAD RODRIGO;NEGATIVO;S/D;
2021-03-23;EDAR MEDINA DEL CAMPO;POSITIVO;Disminución;
2021-03-23;COLECTOR VILLAQUILAMBRE;POSITIVO;Disminución;Se calcula la variación respecto a la semana previa a la anterior, al no tener cuantificación la inmediatamente anterior.
2021-03-23;EDAR ARANDA DE DUERO;NEGATIVO;S/D;
2021-03-23;EDAR ASTORGA;POSITIVO;Aumento;Se calcula la variación respecto a la semana previa a la anterior, al no tener cuantificación la inmediatamente anterior.
2021-03-23;EDAR LA BAÑEZA;POSITIVO;Disminución significativa;
2021-03-23;EBAR LAGUNA DE DUERO;NEGATIVO;S/D;
2021-03-23;COLECTOR LEÓN;POSITIVO;Estable;
2021-03-23;EDAR PALENCIA;POSITIVO;Estable;
2021-03-23;EDAR SALAMANCA;POSITIVO;Estable;
2021-03-23;EDAR SORIA (VATAR);POSITIVO;Estable;Disparidad significativa en la variación entre las distintas dianas analizadas. Por ello, hay que tomarse este resultado de variación con cautela hasta que pueda confirmarse la tendencia en la semana siguiente.
2021-03-23;EDAR ÁVILA;PRESUNTO POSITIVO;Aumento;Se considera una evolución en aumento puesto que al menos en las dos últimas semanas se ha obtenido un resultado negativo.
2021-03-23;EDAR BÉJAR;POSITIVO;Estable;
2021-03-23;EDAR BENAVENTE;POSITIVO;Estable;
2021-03-21;EDAR VALLADOLID (VATAR);POSITIVO;Disminución;
2021-03-17;EDAR SEGOVIA (VATAR);POSITIVO;Aumento;
2021-03-17;COLECTOR VILLAQUILAMBRE;NEGATIVO;S/D;
2021-03-16;COLECTOR SAN ANDRÉS DE RABANEDO;NEGATIVO;S/D;
2021-03-16;EDAR SORIA (VATAR);POSITIVO;Estable;
2021-03-16;EBAR ARROYO DE LA ENCOMIENDA;POSITIVO;Disminución;
2021-03-16;EDAR ÁVILA;NEGATIVO;S/D;
2021-03-16;EDAR BÉJAR;POSITIVO;Disminución significativa;
2021-03-16;EDAR CIUDAD RODRIGO;NEGATIVO;S/D;
2021-03-16;EBAR LAGUNA DE DUERO;NEGATIVO;S/D;
2021-03-16;EDAR MEDINA DEL CAMPO;POSITIVO;Aumento significativo;
2021-03-16;EDAR MIRANDA DE EBRO;POSITIVO;Aumento;Se calcula la variación respecto a la semana previa a la anterior, al no tener cuantificación la inmediatamente anterior.
2021-03-16;EDAR ZAMORA;POSITIVO;Aumento;
2021-03-16;EDAR ARANDA DE DUERO;NEGATIVO;S/D;
2021-03-16;EDAR BENAVENTE;POSITIVO;Estable;
2021-03-16;EDAR BURGOS;POSITIVO;Disminución;
2021-03-16;COLECTOR LEÓN;POSITIVO;Disminución significativa;
2021-03-16;EDAR PALENCIA;POSITIVO;Estable;
2021-03-16;EDAR PONFERRADA;NEGATIVO;S/D;
2021-03-16;EDAR SALAMANCA;POSITIVO;Disminución;
2021-03-16;EBAR SANTA MARTA DE TORMES;POSITIVO;Aumento;
2021-03-16;EDAR ASTORGA;NEGATIVO;S/D;
2021-03-16;EDAR LA BAÑEZA;POSITIVO;Estable;Se calcula la variación respecto a la semana previa a la anterior, al no tener cuantificación la inmediatamente anterior.
2021-03-14;EDAR VALLADOLID (VATAR);POSITIVO;Estable;
2021-03-10;EDAR SEGOVIA (VATAR);POSITIVO;Disminución;
2021-03-09;EDAR MEDINA DEL CAMPO;PRESUNTO POSITIVO;Disminución significativa;
2021-03-09;EDAR MIRANDA DE EBRO;NEGATIVO;S/D;
2021-03-09;EDAR ZAMORA;POSITIVO;Estable;
2021-03-09;EDAR SORIA (VATAR);POSITIVO;Estable;Hubo precipitaciones el día anterior (5,2mm) del muestreo, pudiendo haber diluido la muestra ligeramente, disminuyendo la cuantificación de SARS-CoV-2
2021-03-09;EDAR ÁVILA;NEGATIVO;S/D;
2021-03-09;EDAR BENAVENTE;POSITIVO;Disminución significativa;
2021-03-09;EDAR BURGOS;POSITIVO;Aumento;
2021-03-09;EDAR LA BAÑEZA;NEGATIVO;S/D;
2021-03-09;EDAR SALAMANCA;POSITIVO;Aumento;
2021-03-09;EBAR SANTA MARTA DE TORMES;POSITIVO;Estable;
2021-03-09;EDAR ARANDA DE DUERO;NEGATIVO;S/D;
2021-03-09;EDAR BÉJAR;POSITIVO;Estable;
2021-03-09;EDAR CIUDAD RODRIGO;NEGATIVO;S/D;
2021-03-09;COLECTOR LEÓN;POSITIVO;Aumento;Se calcula la variación respecto a la semana previa a la anterior, al no tener cuantificación la inmediatamente anterior.
2021-03-09;EDAR PALENCIA;POSITIVO;Estable;
2021-03-09;EDAR PONFERRADA;POSITIVO;Estable;
2021-03-09;COLECTOR SAN ANDRÉS DE RABANEDO;NEGATIVO;S/D;
2021-03-09;COLECTOR VILLAQUILAMBRE;POSITIVO;Aumento;Se considera una evolución en aumento puesto que al menos en las dos últimas muestras se ha obtenido un resultado negativo.
2021-03-09;EBAR ARROYO DE LA ENCOMIENDA;POSITIVO;Estable;
2021-03-09;EDAR ASTORGA;POSITIVO;Estable;
2021-03-09;EBAR LAGUNA DE DUERO;NEGATIVO;S/D;
2021-03-07;EDAR VALLADOLID (VATAR);POSITIVO;Aumento;
2021-03-03;EDAR SEGOVIA (VATAR);POSITIVO;Aumento;
2021-03-02;COLECTOR LEÓN;NEGATIVO;S/D;
2021-03-02;EDAR SORIA (VATAR);POSITIVO;Estable;Disparidad significativa en la variación entre las distintas dianas analizadas. Por ello, hay que tomarse este resultado de variación con cautela hasta que pueda confirmarse la tendencia en la semana siguiente.
2021-03-02;EDAR ARANDA DE DUERO;NEGATIVO;S/D;
2021-03-02;EBAR ARROYO DE LA ENCOMIENDA;POSITIVO;Aumento;
2021-03-02;EDAR BURGOS;POSITIVO;Estable;Se calcula la variación respecto a la semana previa a la anterior, al no tener cuantificación la inmediatamente anterior.
2021-03-02;EDAR LA BAÑEZA;POSITIVO;Estable;Se calcula la variación respecto a la semana previa a la anterior, al no tener cuantificación la inmediatamente anterior.
2021-03-02;EDAR MEDINA DEL CAMPO;POSITIVO;Aumento significativo;
2021-03-02;EDAR PALENCIA;POSITIVO;Estable;Se calcula la variación respecto a la semana previa a la anterior, al no tener cuantificación la inmediatamente anterior.
2021-03-02;EDAR SALAMANCA;POSITIVO;Estable;Se calcula la variación respecto a la semana previa a la anterior, al no tener cuantificación la inmediatamente anterior.
2021-03-02;COLECTOR SAN ANDRÉS DE RABANEDO;POSITIVO;Aumento;Se considera una evolución en aumento puesto que al menos en las dos últimas muestras se ha obtenido un resultado negativo.
2021-03-02;EDAR BÉJAR;POSITIVO;Estable;
2021-03-02;EDAR CIUDAD RODRIGO;POSITIVO;Aumento;Se considera una evolución en aumento puesto que al menos en las dos últimas muestras se ha obtenido un resultado negativo.
2021-03-02;EDAR MIRANDA DE EBRO;POSITIVO;Disminución significativa;
2021-03-02;EDAR PONFERRADA;POSITIVO;Aumento;Se considera una evolución en aumento puesto que al menos en las dos últimas muestras se ha obtenido un resultado negativo.
2021-03-02;EBAR SANTA MARTA DE TORMES;POSITIVO;Disminución;
2021-03-02;EDAR ZAMORA;POSITIVO;Aumento;
2021-03-02;EDAR ASTORGA;POSITIVO;Aumento;Se considera una evolución en aumento puesto que al menos en las dos últimas semanas se ha obtenido un resultado negativo.
2021-03-02;EDAR ÁVILA;POSITIVO;Aumento;Se considera una evolución en aumento puesto que al menos en las dos últimas semanas se ha obtenido un resultado negativo.
2021-03-02;EDAR BENAVENTE;POSITIVO;Aumento;
2021-03-02;EBAR LAGUNA DE DUERO;NEGATIVO;S/D;
2021-03-01;COLECTOR VILLAQUILAMBRE;NEGATIVO;S/D;
2021-02-28;EDAR VALLADOLID (VATAR);POSITIVO;Estable;
2021-02-24;EDAR SEGOVIA (VATAR);POSITIVO;Disminución significativa;
2021-02-23;COLECTOR LEÓN;POSITIVO;Aumento;
2021-02-23;EDAR MEDINA DEL CAMPO;POSITIVO;Disminución;
2021-02-23;EDAR MIRANDA DE EBRO;POSITIVO;Aumento significativo;
2021-02-23;EDAR PONFERRADA;NEGATIVO;S/D;
2021-02-23;EDAR SALAMANCA;NEGATIVO;S/D;
2021-02-23;COLECTOR SAN ANDRÉS DE RABANEDO;NEGATIVO;S/D;
2021-02-23;EDAR ARANDA DE DUERO;NEGATIVO;S/D;
2021-02-23;EBAR ARROYO DE LA ENCOMIENDA;POSITIVO;Disminución significativa;Se calcula la variación respecto a la semana previa a la anterior, al no tener cuantificación la inmediatamente anterior.
2021-02-23;EDAR ÁVILA;NEGATIVO;S/D;
2021-02-23;EBAR LAGUNA DE DUERO;NEGATIVO;S/D;
2021-02-23;EDAR ASTORGA;NEGATIVO;S/D;
2021-02-23;EDAR BENAVENTE;POSITIVO;Aumento;
2021-02-23;EDAR CIUDAD RODRIGO;NEGATIVO;S/D;
2021-02-23;EDAR LA BAÑEZA;NEGATIVO;S/D;
2021-02-23;EDAR PALENCIA;NEGATIVO;S/D;
2021-02-23;EBAR SANTA MARTA DE TORMES;POSITIVO;Estable;Se calcula la variación respecto a la semana previa a la anterior, al no tener cuantificación la inmediatamente anterior.
2021-02-23;COLECTOR VILLAQUILAMBRE;NEGATIVO;S/D;
2021-02-23;EDAR ZAMORA;POSITIVO;Disminución;Se calcula la variación respecto a la semana previa a la anterior, al no tener cuantificación la inmediatamente anterior.
2021-02-23;EDAR SORIA (VATAR);POSITIVO;Estable;Debido a que la muestra de la semana anterior fue analizada por otro laboratorio, el análisis de la variación de la semana actual se realiza respecto a los datos de hace dos semanas. Hubo precipitaciones el día anterior (12mm) del muestreo, pudiendo haber diluido la muestra ligeramente, disminuyendo la cuantificación de SARS-CoV-2
2021-02-23;EDAR BÉJAR;POSITIVO;Aumento significativo;
2021-02-23;EDAR BURGOS;NEGATIVO;S/D;
2021-02-21;EDAR VALLADOLID (VATAR);POSITIVO;Disminución significativa;
2021-02-17;EDAR SEGOVIA (VATAR);POSITIVO;Estable;
2021-02-16;COLECTOR LEÓN;POSITIVO;Disminución;
2021-02-16;EDAR PONFERRADA;NEGATIVO;S/D;
2021-02-16;EDAR SALAMANCA;POSITIVO;Estable;
2021-02-16;COLECTOR VILLAQUILAMBRE;NEGATIVO;S/D;
2021-02-16;EDAR ARANDA DE DUERO;NEGATIVO;S/D;
2021-02-16;EDAR ÁVILA;NEGATIVO;S/D;
2021-02-16;EDAR BÉJAR;POSITIVO;Disminución;
2021-02-16;EDAR MEDINA DEL CAMPO;POSITIVO;Estable;
2021-02-16;EDAR PALENCIA;POSITIVO;Disminución significativa;Se calcula la variación respecto a la semana previa a la anterior, al no tener cuantificación la inmediatamente anterior.
2021-02-16;EDAR ZAMORA;NEGATIVO;S/D;
2021-02-16;EDAR SORIA (VATAR);POSITIVO;S/D;Debido a un cambio de laboratorio que realizó el análisis, los resultados no son comparables con los obtenidos con anterioridad.
2021-02-16;EDAR ASTORGA;NEGATIVO;S/D;
2021-02-16;EDAR BENAVENTE;POSITIVO;Disminución;
2021-02-16;EDAR BURGOS;POSITIVO;Disminución;
2021-02-16;EBAR LAGUNA DE DUERO;POSITIVO;Aumento significativo;Se calcula la variación respecto a la semana previa a la anterior, al no tener cuantificación la inmediatamente anterior.
2021-02-16;EDAR MIRANDA DE EBRO;POSITIVO;Disminución significativa;
2021-02-16;COLECTOR SAN ANDRÉS DE RABANEDO;NEGATIVO;S/D;
2021-02-16;EBAR SANTA MARTA DE TORMES;NEGATIVO;S/D;
2021-02-16;EBAR ARROYO DE LA ENCOMIENDA;NEGATIVO;S/D;
2021-02-16;EDAR CIUDAD RODRIGO;NEGATIVO;S/D;
2021-02-16;EDAR LA BAÑEZA;POSITIVO;Estable;
2021-02-14;EDAR VALLADOLID (VATAR);POSITIVO;Disminución;
2021-02-10;EDAR SEGOVIA (VATAR);POSITIVO;Disminución;Hubo precipitaciones el mismo día (6mm) y el día anterior (12mm) del muestreo, pudiendo haber diluido la muestra ligeramente, disminuyendo la cuantificación de SARS-CoV-2
2021-02-09;EDAR MEDINA DEL CAMPO;POSITIVO;Estable;
2021-02-09;EDAR MIRANDA DE EBRO;POSITIVO;Estable;
2021-02-09;EDAR ZAMORA;POSITIVO;Disminución;
2021-02-09;EDAR ASTORGA;POSITIVO;Aumento significativo;
2021-02-09;EDAR ÁVILA;POSITIVO;Estable;
2021-02-09;EDAR PALENCIA;NEGATIVO;S/D;
2021-02-09;EDAR PONFERRADA;NEGATIVO;S/D;
2021-02-09;EDAR SALAMANCA;POSITIVO;Disminución;
2021-02-09;EBAR SANTA MARTA DE TORMES;POSITIVO;Disminución significativa;
2021-02-09;EDAR SORIA (VATAR);POSITIVO;Disminución;Hubo precipitaciones el mismo día (4mm) y el día anterior (7mm) del muestreo, pudiendo haber diluido la muestra ligeramente, disminuyendo la cuantificación de SARS-CoV-2
2021-02-09;EDAR BÉJAR;POSITIVO;Estable;
2021-02-09;EDAR BENAVENTE;POSITIVO;Disminución;
2021-02-09;EDAR CIUDAD RODRIGO;NEGATIVO;S/D;
2021-02-09;COLECTOR LEÓN;POSITIVO;Estable;
2021-02-09;COLECTOR SAN ANDRÉS DE RABANEDO;POSITIVO;Estable;
2021-02-09;COLECTOR VILLAQUILAMBRE;NEGATIVO;S/D;
2021-02-09;EDAR ARANDA DE DUERO;POSITIVO;Disminución;
2021-02-09;EBAR ARROYO DE LA ENCOMIENDA;POSITIVO;Disminución;
2021-02-09;EDAR BURGOS;POSITIVO;Estable;
2021-02-09;EDAR LA BAÑEZA;POSITIVO;Disminución significativa;Se calcula la variación respecto a la semana previa a la anterior, al no tener cuantificación la inmediatamente anterior.
2021-02-09;EBAR LAGUNA DE DUERO;NEGATIVO;S/D;
2021-02-07;EDAR VALLADOLID (VATAR);POSITIVO;Estable;
2021-02-03;EDAR SEGOVIA (VATAR);POSITIVO;Estable;
2021-02-02;EDAR PONFERRADA;POSITIVO;Aumento;
2021-02-02;COLECTOR SAN ANDRÉS DE RABANEDO;POSITIVO;Aumento;
2021-02-02;EBAR SANTA MARTA DE TORMES;POSITIVO;Aumento;
2021-02-02;EDAR SORIA (VATAR);POSITIVO;Estable;
2021-02-02;EDAR ARANDA DE DUERO;POSITIVO;Aumento;
2021-02-02;EBAR ARROYO DE LA ENCOMIENDA;POSITIVO;Aumento;
2021-02-02;EDAR ÁVILA;POSITIVO;Estable;
2021-02-02;EDAR BENAVENTE;POSITIVO;Disminución;
2021-02-02;EDAR BURGOS;POSITIVO;Disminución significativa;
2021-02-02;EDAR LA BAÑEZA;NEGATIVO;S/D;
2021-02-02;EDAR MEDINA DEL CAMPO;POSITIVO;Disminución;
2021-02-02;EDAR ASTORGA;POSITIVO;Disminución;
2021-02-02;EDAR CIUDAD RODRIGO;POSITIVO;Disminución;
2021-02-02;EBAR LAGUNA DE DUERO;POSITIVO;Disminución;
2021-02-02;COLECTOR LEÓN;POSITIVO;Estable;
2021-02-02;EDAR MIRANDA DE EBRO;POSITIVO;Aumento;
2021-02-02;EDAR PALENCIA;POSITIVO;Aumento;
2021-02-02;EDAR SALAMANCA;POSITIVO;Estable;
2021-02-02;COLECTOR VILLAQUILAMBRE;NEGATIVO;S/D;
2021-02-02;EDAR ZAMORA;POSITIVO;Estable;
2021-02-02;EDAR BÉJAR;POSITIVO;Estable;
2021-01-31;EDAR VALLADOLID (VATAR);POSITIVO;Disminución;Hubo precipitaciones el día anterior (3,6mm) del muestreo, pudiendo haber diluido la muestra ligeramente, disminuyendo la cuantificación de SARS-CoV-2
2021-01-27;EDAR MIRANDA DE EBRO;POSITIVO;Aumento significativo;
2021-01-27;EBAR SANTA MARTA DE TORMES;POSITIVO;Estable;
2021-01-27;EDAR SEGOVIA (VATAR);POSITIVO;Disminución;Hubo precipitaciones el mismo día (2,2mm) y el día anterior (8,4mm) del muestreo, pudiendo haber diluido la muestra ligeramente, disminuyendo la cuantificación de SARS-CoV-2
2021-01-27;EBAR ARROYO DE LA ENCOMIENDA;POSITIVO;Disminución;Se calcula la variación respecto a la semana previa a la anterior, al no tener cuantificación la inmediatamente anterior.
2021-01-27;EDAR ASTORGA;POSITIVO;Aumento;
2021-01-27;EDAR BURGOS;POSITIVO;Aumento;
2021-01-27;COLECTOR LEÓN;POSITIVO;Aumento significativo;
2021-01-27;EDAR PALENCIA;POSITIVO;Estable;
2021-01-27;EDAR PONFERRADA;POSITIVO;Disminución significativa;
2021-01-27;EDAR SALAMANCA;POSITIVO;Aumento;
2021-01-27;EDAR CIUDAD RODRIGO;POSITIVO;Aumento significativo;
2021-01-27;EBAR LAGUNA DE DUERO;POSITIVO;Aumento;Se calcula la variación respecto a la semana previa a la anterior, al no tener cuantificación la inmediatamente anterior.
2021-01-27;EDAR MEDINA DEL CAMPO;POSITIVO;Estable;
2021-01-27;COLECTOR SAN ANDRÉS DE RABANEDO;POSITIVO;Disminución;
2021-01-27;EDAR ÁVILA;POSITIVO;Aumento;
2021-01-27;EDAR BÉJAR;POSITIVO;Estable;
2021-01-27;EDAR LA BAÑEZA;POSITIVO;Aumento significativo;
2021-01-26;EDAR ZAMORA;POSITIVO;Estable;
2021-01-26;EDAR SORIA (VATAR);POSITIVO;Estable;Hubo precipitaciones el día anterior (13,6mm) del muestreo, pudiendo haber diluido la muestra ligeramente, disminuyendo la cuantificación de SARS-CoV-2
2021-01-26;COLECTOR VILLAQUILAMBRE;POSITIVO;Aumento significativo;
2021-01-26;EDAR ARANDA DE DUERO;POSITIVO;Aumento;Se calcula la variación respecto a la semana previa a la anterior, al no tener cuantificación la inmediatamente anterior.
2021-01-26;EDAR BENAVENTE;POSITIVO;Aumento;
2021-01-24;EDAR VALLADOLID (VATAR);POSITIVO;Aumento;Hubo precipitaciones el día anterior (4,6mm) del muestreo, pudiendo haber diluido la muestra ligeramente, disminuyendo la cuantificación de SARS-CoV-2
2021-01-20;EDAR SEGOVIA (VATAR);POSITIVO;Aumento;
2021-01-19;COLECTOR SAN ANDRÉS DE RABANEDO;POSITIVO;Estable;
2021-01-19;EDAR SORIA (VATAR);POSITIVO;Aumento;
2021-01-19;EBAR ARROYO DE LA ENCOMIENDA;NEGATIVO;S/D;
2021-01-19;EDAR ÁVILA;POSITIVO;Disminución significativa;
2021-01-19;EDAR BURGOS;POSITIVO;Estable;
2021-01-19;EDAR CIUDAD RODRIGO;POSITIVO;Disminución significativa;
2021-01-19;EDAR LA BAÑEZA;POSITIVO;Estable;
2021-01-19;EBAR LAGUNA DE DUERO;NEGATIVO;S/D;
2021-01-19;COLECTOR LEÓN;POSITIVO;Disminución;
2021-01-19;EDAR ZAMORA;POSITIVO;Estable;
2021-01-19;EDAR ASTORGA;POSITIVO;Estable;
2021-01-19;EDAR MEDINA DEL CAMPO;POSITIVO;Estable;
2021-01-19;EDAR MIRANDA DE EBRO;PRESUNTO POSITIVO;Disminución significativa;
2021-01-19;EDAR PALENCIA;POSITIVO;Estable;
2021-01-19;EDAR PONFERRADA;POSITIVO;Aumento;
2021-01-19;EDAR SALAMANCA;POSITIVO;Disminución;
2021-01-19;EBAR SANTA MARTA DE TORMES;POSITIVO;Estable;
2021-01-19;COLECTOR VILLAQUILAMBRE;POSITIVO;Disminución;
2021-01-19;EDAR ARANDA DE DUERO;NEGATIVO;S/D;
2021-01-19;EDAR BÉJAR;POSITIVO;Aumento;
2021-01-19;EDAR BENAVENTE;POSITIVO;Estable;
2021-01-17;EDAR VALLADOLID (VATAR);POSITIVO;Estable;Hubo precipitaciones el día anterior (1,6mm) del muestreo, pudiendo haber diluido la muestra ligeramente, disminuyendo la cuantificación de SARS-CoV-2
2021-01-14;EDAR VALLADOLID (VATAR);POSITIVO;Estable;
2021-01-14;EDAR SEGOVIA (VATAR);POSITIVO;Aumento;Destacar la presencia de abundante nieve durante los días previos al muestreo que se pudo introducir progresivamente en la red, pudiendo diluir la muestra y/o aumentar salinidad. Además, el día de muestreo se tuvo que cambiar de forma puntual debido a la imposibilidad de entrar a la EDAR. Esto puede presentar un factor de variabilidad respecto a la semana anterior.
2021-01-12;COLECTOR LEÓN;POSITIVO;Aumento;
2021-01-12;EDAR MEDINA DEL CAMPO;POSITIVO;Aumento;
2021-01-12;EDAR PONFERRADA;POSITIVO;Aumento;
2021-01-12;EDAR ZAMORA;POSITIVO;Aumento;
2021-01-12;EBAR ARROYO DE LA ENCOMIENDA;POSITIVO;Aumento significativo;
2021-01-12;EDAR BÉJAR;POSITIVO;Aumento significativo;
2021-01-12;EDAR BURGOS;POSITIVO;Disminución;
2021-01-12;EDAR CIUDAD RODRIGO;POSITIVO;Aumento significativo;
2021-01-12;EDAR SALAMANCA;POSITIVO;Estable;
2021-01-12;COLECTOR SAN ANDRÉS DE RABANEDO;POSITIVO;Aumento;Se considera una evolución en aumento puesto que al menos en las dos últimas muestras se ha obtenido un resultado negativo.
2021-01-12;COLECTOR VILLAQUILAMBRE;POSITIVO;Aumento;
2021-01-12;EDAR SORIA (VATAR);POSITIVO;Aumento;Destacar la presencia de abundante nieve durante los días previos al muestreo que se pudo introducir progresivamente en la red, pudiendo diluir la muestra y/o aumentar salinidad
2021-01-12;EDAR ASTORGA;POSITIVO;Aumento;Se considera una evolución en aumento puesto que al menos en las dos últimas semanas se ha obtenido un resultado negativo.
2021-01-12;EDAR MIRANDA DE EBRO;POSITIVO;Aumento;Se considera una evolución en aumento puesto que al menos en las dos últimas muestras se ha obtenido un resultado negativo.
2021-01-12;EDAR PALENCIA;POSITIVO;Aumento;
2021-01-12;EBAR SANTA MARTA DE TORMES;POSITIVO;Aumento;
2021-01-12;EDAR ARANDA DE DUERO;POSITIVO;Estable;
2021-01-12;EDAR ÁVILA;POSITIVO;Aumento;Se considera una evolución en aumento puesto que al menos en las dos últimas semanas se ha obtenido un resultado negativo.
2021-01-12;EDAR BENAVENTE;POSITIVO;Estable;Se calcula la variación respecto a la semana previa a la anterior, al no tener cuantificación la inmediatamente anterior.
2021-01-12;EDAR LA BAÑEZA;POSITIVO;Estable;
2021-01-12;EBAR LAGUNA DE DUERO;POSITIVO;Aumento;Se considera una evolución en aumento puesto que al menos en las dos últimas muestras se ha obtenido un resultado negativo.
2021-01-06;EDAR SEGOVIA (VATAR);POSITIVO;Estable;Debido a la implementación de una modificación metodológica relativa al calibrado de la técnica para N1, la variación de dicha diana para estas muestras se calcula a partir de los resultados de la semana anterior obtenidos usando la misma calibración, para que sean comparables, no de los valores reportados.
2021-01-05;EDAR MIRANDA DE EBRO;NEGATIVO;S/D;
2021-01-05;EDAR PONFERRADA;POSITIVO;Estable;
2021-01-05;EDAR ZAMORA;POSITIVO;Aumento;Se considera una evolución en aumento puesto que al menos en las dos últimas muestras se ha obtenido un resultado negativo.
2021-01-05;EDAR ARANDA DE DUERO;POSITIVO;Disminución;
2021-01-05;EBAR ARROYO DE LA ENCOMIENDA;POSITIVO;Aumento;
2021-01-05;COLECTOR LEÓN;POSITIVO;Estable;
2021-01-05;EDAR MEDINA DEL CAMPO;POSITIVO;Aumento;Se calcula la variación respecto a la semana previa a la anterior, al no tener cuantificación la inmediatamente anterior.
2021-01-05;EDAR SALAMANCA;POSITIVO;Aumento significativo;
2021-01-05;COLECTOR SAN ANDRÉS DE RABANEDO;NEGATIVO;S/D;
2021-01-05;EBAR SANTA MARTA DE TORMES;POSITIVO;Aumento;Se considera una evolución en aumento puesto que al menos en las dos últimas muestras se ha obtenido un resultado negativo.
2021-01-05;EDAR BENAVENTE;NEGATIVO;S/D;
2021-01-05;EDAR PALENCIA;POSITIVO;Estable;
2021-01-05;COLECTOR VILLAQUILAMBRE;POSITIVO;Disminución;
2021-01-05;EDAR SORIA (VATAR);POSITIVO;S/D;Debido a una incidencia logística la muestra fue analizada en un laboratorio distinto al usual, por lo que no es comparable con la serie histórica y no se puede calcular la variación respecto a semanas anteriores.
2021-01-05;EDAR ASTORGA;NEGATIVO;S/D;
2021-01-05;EDAR ÁVILA;NEGATIVO;S/D;
2021-01-05;EDAR BÉJAR;POSITIVO;Disminución;
2021-01-05;EDAR BURGOS;POSITIVO;Aumento significativo;
2021-01-05;EDAR CIUDAD RODRIGO;POSITIVO;Estable;
2021-01-05;EDAR LA BAÑEZA;POSITIVO;Aumento;Se considera una evolución en aumento puesto que al menos en las dos últimas muestras se ha obtenido un resultado negativo.
2021-01-05;EBAR LAGUNA DE DUERO;NEGATIVO;S/D;
2021-01-03;EDAR VALLADOLID (VATAR);POSITIVO;Aumento significativo;Destacar la presencia de abundante nieve durante los días previos al muestreo que se pudo introducir progresivamente en la red, pudiendo diluir la muestra y/o aumentar salinidad. Además, el día de muestreo se tuvo que cambiar de forma puntual debido a la imposibilidad de entrar a la EDAR. Esto puede presentar un factor de variabilidad respecto a la semana anterior.
2020-12-29;EDAR MIRANDA DE EBRO;NEGATIVO;S/D;
2020-12-29;EDAR PALENCIA;POSITIVO;Aumento;
2020-12-29;EDAR SALAMANCA;PRESUNTO POSITIVO;Disminución significativa;
2020-12-29;COLECTOR SAN ANDRÉS DE RABANEDO;NEGATIVO;S/D;
2020-12-29;EBAR SANTA MARTA DE TORMES;NEGATIVO;S/D;
2020-12-29;EDAR LA BAÑEZA;NEGATIVO;S/D;
2020-12-29;EDAR PONFERRADA;POSITIVO;Estable;
2020-12-29;EDAR ZAMORA;NEGATIVO;S/D;
2020-12-29;EBAR ARROYO DE LA ENCOMIENDA;NEGATIVO;S/D;
2020-12-29;EDAR ÁVILA;NEGATIVO;S/D;
2020-12-29;EDAR CIUDAD RODRIGO;POSITIVO;Estable;
2020-12-29;COLECTOR LEÓN;POSITIVO;Disminución significativa;
2020-12-29;EDAR MEDINA DEL CAMPO;NEGATIVO;Disminución;
2020-12-29;COLECTOR VILLAQUILAMBRE;POSITIVO;Disminución significativa;Se calcula la variación respecto a la semana previa a la anterior, al no tener cuantificación la inmediatamente anterior.
2020-12-29;EDAR ARANDA DE DUERO;POSITIVO;Disminución;
2020-12-29;EDAR ASTORGA;NEGATIVO;S/D;
2020-12-29;EDAR BÉJAR;POSITIVO;Disminución;Se calcula la variación respecto a la semana previa a la anterior, al no tener cuantificación la inmediatamente anterior.
2020-12-29;EDAR BENAVENTE;POSITIVO;Aumento;
2020-12-29;EDAR BURGOS;POSITIVO;Estable;
2020-12-29;EBAR LAGUNA DE DUERO;NEGATIVO;S/D;
2020-12-23;EDAR SEGOVIA (VATAR);POSITIVO;Estable;Disparidad significativa en la variación entre las distintas dianas analizadas. Por ello, hay que tomarse este resultado de variación con cautela hasta que pueda confirmarse la tendencia en la semana siguiente.
2020-12-22;EDAR MEDINA DEL CAMPO;POSITIVO;Disminución;
2020-12-22;EDAR PALENCIA;POSITIVO;Aumento;Se considera una evolución en aumento puesto que al menos en las dos últimas muestras se ha obtenido un resultado negativo.
2020-12-22;EDAR PONFERRADA;POSITIVO;Disminución;
2020-12-22;COLECTOR VILLAQUILAMBRE;NEGATIVO;S/D;
2020-12-22;EDAR ZAMORA;NEGATIVO;S/D;
2020-12-22;EDAR SORIA (VATAR);POSITIVO;Disminución;
2020-12-22;EBAR ARROYO DE LA ENCOMIENDA;POSITIVO;Disminución;
2020-12-22;EDAR ÁVILA;NEGATIVO;S/D;
2020-12-22;EDAR BENAVENTE;POSITIVO;Disminución significativa;
2020-12-22;EDAR CIUDAD RODRIGO;POSITIVO;Disminución significativa;
2020-12-22;EBAR LAGUNA DE DUERO;NEGATIVO;S/D;
2020-12-22;COLECTOR LEÓN;POSITIVO;Estable;
2020-12-22;EBAR SANTA MARTA DE TORMES;NEGATIVO;S/D;
2020-12-22;EDAR ASTORGA;NEGATIVO;S/D;
2020-12-22;EDAR BÉJAR;NEGATIVO;S/D;
2020-12-22;EDAR LA BAÑEZA;NEGATIVO;S/D;
2020-12-22;EDAR MIRANDA DE EBRO;POSITIVO;Aumento significativo;
2020-12-22;EDAR SALAMANCA;POSITIVO;Estable;
2020-12-22;COLECTOR SAN ANDRÉS DE RABANEDO;POSITIVO;Disminución;
2020-12-22;EDAR ARANDA DE DUERO;POSITIVO;Disminución;
2020-12-22;EDAR BURGOS;POSITIVO;Disminución significativa;
2020-12-20;EDAR VALLADOLID (VATAR);POSITIVO;Disminución;Debido a la implementación de una modificación metodológica relativa al calibrado de la técnica para N1, la variación de dicha diana para estas muestras se calcula a partir de los resultados de la semana anterior obtenidos usando la misma calibración, para que sean comparables, no de los valores reportados.
2020-12-16;EDAR SEGOVIA (VATAR);POSITIVO;Estable;
2020-12-15;EDAR PALENCIA;NEGATIVO;Primera determinación;
2020-12-15;EDAR PONFERRADA;POSITIVO;Primera determinación;
2020-12-15;COLECTOR VILLAQUILAMBRE;POSITIVO;Primera determinación;
2020-12-15;EDAR ZAMORA;POSITIVO;Primera determinación;
2020-12-15;EDAR ARANDA DE DUERO;POSITIVO;Primera determinación;
2020-12-15;EDAR LA BAÑEZA;NEGATIVO;Primera determinación;
2020-12-15;EBAR LAGUNA DE DUERO;NEGATIVO;Primera determinación;
2020-12-15;EDAR MIRANDA DE EBRO;POSITIVO;Primera determinación;
2020-12-15;EBAR SANTA MARTA DE TORMES;NEGATIVO;Primera determinación;
2020-12-15;EDAR SORIA (VATAR);POSITIVO;Disminución significativa;Hubo precipitaciones el mismo día (1,2mm) y el día anterior (1,4mm) del muestreo, pudiendo haber diluido la muestra ligeramente, disminuyendo la cuantificación de SARS-CoV-2
2020-12-15;EBAR ARROYO DE LA ENCOMIENDA;POSITIVO;Primera determinación;
2020-12-15;EDAR ASTORGA;POSITIVO;Primera determinación;
2020-12-15;EDAR ÁVILA;POSITIVO;Primera determinación;
2020-12-15;EDAR BENAVENTE;POSITIVO;Primera determinación;
2020-12-15;COLECTOR LEÓN;POSITIVO;Primera determinación;
2020-12-15;EDAR MEDINA DEL CAMPO;POSITIVO;Primera determinación;
2020-12-15;EDAR SALAMANCA;POSITIVO;Primera determinación;
2020-12-15;COLECTOR SAN ANDRÉS DE RABANEDO;POSITIVO;Primera determinación;
2020-12-15;EDAR BÉJAR;POSITIVO;Primera determinación;
2020-12-15;EDAR BURGOS;POSITIVO;Primera determinación;
2020-12-15;EDAR CIUDAD RODRIGO;POSITIVO;Primera determinación;
2020-12-13;EDAR VALLADOLID (VATAR);POSITIVO;Disminución;Hubo precipitaciones el día anterior (6,6mm) del muestreo, pudiendo haber diluido la muestra ligeramente, disminuyendo la cuantificación de SARS-CoV-2
2020-12-09;EDAR SEGOVIA (VATAR);POSITIVO;Estable;"Destacar que esta semana se produjeron los muestreos durante días festivos, lo que pudo modificar los patrones de la población respecto a otras semanas. Esto hace que se tengan que tomar los resultados de esta semana con cautela.
Hubo precipitaciones el día anterior (1,8mm) del muestreo, pudiendo haber diluido la muestra ligeramente, disminuyendo la cuantificación de SARS-CoV-2. *Debido a una modificación analítica para la diana N1 que hace que no sea comparable con la semana anterior, para el cálculo de la variación de estos resultados solo se tiene en consideración la diana IP4."
2020-12-08;EDAR SORIA (VATAR);POSITIVO;Aumento;"Destacar que esta semana se produjeron los muestreos durante días festivos, lo que pudo modificar los patrones de la población respecto a otras semanas. Esto hace que se tengan que tomar los resultados de esta semana con cautela.
Hubo precipitaciones el día anterior (11mm) del muestreo, pudiendo haber diluido la muestra ligeramente, disminuyendo la cuantificación de SARS-CoV-2. *Debido a una modificación analítica para la diana N1 que hace que no sea comparable con la semana anterior, para el cálculo de la variación de estos resultados solo se tiene en consideración la diana IP4"
2020-12-06;EDAR VALLADOLID (VATAR);POSITIVO;Aumento;
2020-12-02;EDAR SEGOVIA (VATAR);POSITIVO;Disminución;Debido a una modificación analítica para la diana IP4 que hace que no sea comparable con la semana anterior, para el cálculo de la variación de estos resultados solo se tiene en consideración la diana N1.
2020-12-01;EDAR SORIA (VATAR);POSITIVO;Aumento;Debido a una modificación analítica para la diana IP4 que hace que no sea comparable con la semana anterior, para el cálculo de la variación de estos resultados solo se tiene en consideración la diana N1
2020-11-29;EDAR VALLADOLID (VATAR);POSITIVO;Estable;*Debido a una modificación analítica para la diana N1 que hace que no sea comparable con la semana anterior, para el cálculo de la variación de estos resultados solo se tiene en consideración la diana IP4
2020-11-25;EDAR SEGOVIA (VATAR);POSITIVO;Disminución;Debido a una reorganización lógistica se ha modificado el día de toma de muestra, pasando del jueves al miércoles de forma permanente. Este cambio hace que haya que tomarse la variación de esta semana con cautela.
2020-11-24;EDAR SORIA (VATAR);POSITIVO;Estable;
2020-11-22;EDAR VALLADOLID (VATAR);POSITIVO;Disminución;Debido a una modificación analítica para la diana IP4 que hace que no sea comparable con la semana anterior, para el cálculo de la variación de estos resultados solo se tiene en consideración la diana N1
2020-11-19;EDAR SEGOVIA (VATAR);POSITIVO;Aumento;
2020-11-17;EDAR SORIA (VATAR);POSITIVO;Estable;Hubo precipitaciones el día anterior (3mm) del muestreo, pudiendo haber diluido la muestra ligeramente, disminuyendo la cuantificación de SARS-CoV-2
2020-11-15;EDAR VALLADOLID (VATAR);POSITIVO;Estable;
2020-11-12;EDAR SEGOVIA (VATAR);POSITIVO;Estable;
2020-11-10;EDAR SORIA (VATAR);POSITIVO;Estable;Hubo precipitaciones el día anterior (0,2mm) del muestreo, pudiendo haber diluido la muestra ligeramente, disminuyendo la cuantificación de SARS-CoV-2
2020-11-08;EDAR VALLADOLID (VATAR);POSITIVO;Disminución;Hubo precipitaciones el mismo día (0,4mm) y el día anterior (0,6mm) del muestreo, pudiendo haber diluido la muestra ligeramente, disminuyendo la cuantificación de SARS-CoV-2
2020-11-05;EDAR SEGOVIA (VATAR);POSITIVO;Estable;Hubo precipitaciones el mismo día (1mm) y el día anterior (0,2mm) del muestreo, pudiendo haber diluido la muestra ligeramente, disminuyendo la cuantificación de SARS-CoV-2
2020-11-03;EDAR SORIA (VATAR);POSITIVO;Disminución;Hubo precipitaciones (3,60mm) el día del muestreo, pudiendo haber diluido la muestra ligeramente, disminuyendo la cuantificación de SARS-CoV-2
2020-11-01;EDAR VALLADOLID (VATAR);POSITIVO;Aumento;Hubo precipitaciones el día anterior (0,6mm) del muestreo, pudiendo haber diluido la muestra ligeramente, disminuyendo la cuantificación de SARS-CoV-2
2020-10-29;EDAR SEGOVIA (VATAR);POSITIVO;Estable;Hubo precipitaciones el dia anterior al muestreo (2,20mm), pudiendo haber diluido la muestra ligeramente, disminuyendo la cuantificación de SARS-CoV-2
2020-10-27;EDAR SORIA (VATAR);POSITIVO;Estable;
2020-10-25;EDAR VALLADOLID (VATAR);POSITIVO;Disminución;
2020-10-22;EDAR SEGOVIA (VATAR);POSITIVO;Estable;"Hubo precipitaciones (7,2mm) el día del muestreo y el dia anterior (1mm), pudiendo haber diluido la muestra ligeramente, disminuyendo la cuantificación de SARS-CoV-2.
Disparidad significativa en la variación entre las distintas dianas analizadas. Por ello, hay que tomarse este resultado de variación con cautela hasta que pueda confirmarse la tendencia en la semana siguiente."
2020-10-20;EDAR SORIA (VATAR);POSITIVO;Estable;Hubo precipitaciones (5mm) el día del muestreo, pudiendo haber diluido la muestra ligeramente, disminuyendo la cuantificación de SARS-CoV-2
2020-10-18;EDAR VALLADOLID (VATAR);POSITIVO;Estable;
2020-10-15;EDAR SEGOVIA (VATAR);POSITIVO;Disminución;
2020-10-13;EDAR SORIA (VATAR);POSITIVO;Estable;
2020-10-11;EDAR VALLADOLID (VATAR);POSITIVO;Aumento significativo;
2020-10-08;EDAR SEGOVIA (VATAR);POSITIVO;Estable;
2020-10-06;EDAR SORIA (VATAR);POSITIVO;Aumento;
2020-10-04;EDAR VALLADOLID (VATAR);POSITIVO;Estable;
2020-10-01;EDAR SEGOVIA (VATAR);POSITIVO;Disminución;
2020-09-29;EDAR SORIA (VATAR);POSITIVO;Disminución;
2020-09-27;EDAR VALLADOLID (VATAR);POSITIVO;Estable;
2020-09-24;EDAR SEGOVIA (VATAR);POSITIVO;Estable;Hubo precipitaciones (1,4mm) el día del muestreo, pudiendo haber diluido la muestra ligeramente, disminuyendo la cuantificación de SARS-coV-2
2020-09-22;EDAR SORIA (VATAR);POSITIVO;Estable;
2020-09-20;EDAR VALLADOLID (VATAR);POSITIVO;Disminución significativa;
2020-09-17;EDAR SEGOVIA (VATAR);POSITIVO;Estable;
2020-09-15;EDAR SORIA (VATAR);POSITIVO;Disminución significativa;Hubo precipitaciones (0,2mm) el día de muestreo, pudiendo haber diluido la muestra ligeramente. Aunque el caudal era similar al de los muestreos anteriores.
2020-09-13;EDAR VALLADOLID (VATAR);POSITIVO;Aumento significativo;
2020-09-10;EDAR SEGOVIA (VATAR);POSITIVO;Aumento;
2020-09-08;EDAR SORIA (VATAR);POSITIVO;Estable;
2020-09-06;EDAR VALLADOLID (VATAR);POSITIVO;Disminución;
2020-09-03;EDAR SEGOVIA (VATAR);NEGATIVO;S/D;
2020-09-01;EDAR SORIA (VATAR);POSITIVO;Disminución;
2020-08-30;EDAR VALLADOLID (VATAR);POSITIVO;Estable;
2020-08-27;EDAR SEGOVIA (VATAR);PRESUNTO POSITIVO;Disminución;
2020-08-25;EDAR SORIA (VATAR);POSITIVO;Aumento;
2020-08-23;EDAR VALLADOLID (VATAR);POSITIVO;Estable;
2020-08-20;EDAR SEGOVIA (VATAR);POSITIVO;Estable;
2020-08-18;EDAR SORIA (VATAR);POSITIVO;Aumento;
2020-08-16;EDAR VALLADOLID (VATAR);POSITIVO;Aumento significativo;
2020-08-13;EDAR SEGOVIA (VATAR);PRESUNTO POSITIVO;Aumento;
2020-08-11;EDAR SORIA (VATAR);POSITIVO;Disminución;
2020-08-09;EDAR VALLADOLID (VATAR);POSITIVO;Estable;
2020-08-06;EDAR SEGOVIA (VATAR);NEGATIVO;S/D;
2020-08-04;EDAR SORIA (VATAR);POSITIVO;Aumento;
2020-08-02;EDAR VALLADOLID (VATAR);POSITIVO;Estable;
2020-07-30;EDAR SEGOVIA (VATAR);POSITIVO;Aumento significativo;
2020-07-28;EDAR SORIA (VATAR);POSITIVO;Estable;
2020-07-26;EDAR VALLADOLID (VATAR);POSITIVO;Aumento;
2020-07-23;EDAR SEGOVIA (VATAR);PRESUNTO POSITIVO;Primera determinación;
2020-07-21;EDAR SORIA (VATAR);POSITIVO;Primera determinación;
2020-07-19;EDAR VALLADOLID (VATAR);NEGATIVO;S/D;
